-- --------------------------------------------------------
-- Host:                         localhost
-- Server Version:               5.5.54-0+deb8u1 - (Debian)
-- Server Betriebssystem:        debian-linux-gnu
-- HeidiSQL Version:             9.4.0.5125
-- --------------------------------------------------------

/*!40101 SET @OLD_CHARACTER_SET_CLIENT=@@CHARACTER_SET_CLIENT */;
/*!40101 SET NAMES utf8 */;
/*!50503 SET NAMES utf8mb4 */;
/*!40014 SET @OLD_FOREIGN_KEY_CHECKS=@@FOREIGN_KEY_CHECKS, FOREIGN_KEY_CHECKS=0 */;
/*!40101 SET @OLD_SQL_MODE=@@SQL_MODE, SQL_MODE='NO_AUTO_VALUE_ON_ZERO' */;

-- Exportiere Struktur von Tabelle etoa_round16.buildings
CREATE TABLE IF NOT EXISTS `buildings` (
  `building_id` int(10) unsigned NOT NULL AUTO_INCREMENT,
  `building_name` varchar(255) NOT NULL,
  `building_type_id` tinyint(1) unsigned NOT NULL DEFAULT '1',
  `building_shortcomment` text NOT NULL,
  `building_longcomment` text NOT NULL,
  `building_costs_metal` int(10) unsigned NOT NULL DEFAULT '0',
  `building_costs_crystal` int(10) unsigned NOT NULL DEFAULT '0',
  `building_costs_fuel` int(10) unsigned NOT NULL DEFAULT '0',
  `building_costs_plastic` int(10) unsigned NOT NULL DEFAULT '0',
  `building_costs_food` int(10) unsigned NOT NULL DEFAULT '0',
  `building_costs_power` int(10) unsigned NOT NULL DEFAULT '0',
  `building_build_costs_factor` decimal(4,2) unsigned NOT NULL DEFAULT '0.00',
  `building_demolish_costs_factor` decimal(4,2) unsigned NOT NULL DEFAULT '0.00',
  `building_power_use` int(10) unsigned NOT NULL DEFAULT '0',
  `building_power_req` int(10) unsigned NOT NULL DEFAULT '0',
  `building_fuel_use` int(10) unsigned NOT NULL DEFAULT '0',
  `building_prod_metal` int(10) unsigned NOT NULL DEFAULT '0',
  `building_prod_crystal` int(10) unsigned NOT NULL DEFAULT '0',
  `building_prod_plastic` int(10) unsigned NOT NULL DEFAULT '0',
  `building_prod_fuel` int(10) unsigned NOT NULL DEFAULT '0',
  `building_prod_food` int(10) unsigned NOT NULL DEFAULT '0',
  `building_prod_power` int(10) unsigned NOT NULL DEFAULT '0',
  `building_production_factor` decimal(4,2) unsigned NOT NULL DEFAULT '0.00',
  `building_store_metal` int(10) unsigned NOT NULL DEFAULT '0',
  `building_store_crystal` int(10) unsigned NOT NULL DEFAULT '0',
  `building_store_plastic` int(10) unsigned NOT NULL DEFAULT '0',
  `building_store_fuel` int(10) unsigned NOT NULL DEFAULT '0',
  `building_store_food` int(10) unsigned NOT NULL DEFAULT '0',
  `building_store_factor` decimal(4,2) unsigned NOT NULL DEFAULT '0.00',
  `building_people_place` int(10) unsigned NOT NULL DEFAULT '0',
  `building_last_level` tinyint(3) unsigned NOT NULL DEFAULT '99',
  `building_fields` smallint(3) unsigned NOT NULL DEFAULT '1',
  `building_show` tinyint(1) unsigned NOT NULL DEFAULT '1',
  `building_order` tinyint(3) unsigned NOT NULL DEFAULT '0',
  `building_fieldsprovide` smallint(5) unsigned NOT NULL DEFAULT '0',
  `building_workplace` tinyint(1) unsigned NOT NULL DEFAULT '0',
  `building_bunker_res` int(10) unsigned NOT NULL DEFAULT '0',
  `building_bunker_fleet_count` int(10) unsigned NOT NULL DEFAULT '0',
  `building_bunker_fleet_space` int(10) unsigned NOT NULL DEFAULT '0',
  PRIMARY KEY (`building_id`),
  KEY `building_name` (`building_name`,`building_order`)
) ENGINE=MyISAM AUTO_INCREMENT=28 DEFAULT CHARSET=utf8;

-- Exportiere Daten aus Tabelle etoa_round16.buildings: 27 rows
/*!40000 ALTER TABLE `buildings` DISABLE KEYS */;
REPLACE INTO `buildings` (`building_id`, `building_name`, `building_type_id`, `building_shortcomment`, `building_longcomment`, `building_costs_metal`, `building_costs_crystal`, `building_costs_fuel`, `building_costs_plastic`, `building_costs_food`, `building_costs_power`, `building_build_costs_factor`, `building_demolish_costs_factor`, `building_power_use`, `building_power_req`, `building_fuel_use`, `building_prod_metal`, `building_prod_crystal`, `building_prod_plastic`, `building_prod_fuel`, `building_prod_food`, `building_prod_power`, `building_production_factor`, `building_store_metal`, `building_store_crystal`, `building_store_plastic`, `building_store_fuel`, `building_store_food`, `building_store_factor`, `building_people_place`, `building_last_level`, `building_fields`, `building_show`, `building_order`, `building_fieldsprovide`, `building_workplace`, `building_bunker_res`, `building_bunker_fleet_count`, `building_bunker_fleet_space`) VALUES
	(1, 'Titanmine', 2, 'Produziert Titan.', 'Produziert Titan.', 100, 45, 0, 0, 0, 10, 1.90, 0.20, 10, 0, 0, 65, 0, 0, 0, 0, 0, 1.50, 0, 0, 0, 0, 0, 0.00, 0, 50, 2, 1, 0, 0, 0, 0, 0, 0),
	(2, 'Siliziummine', 2, 'Produziert Silizium.', 'Produziert Silizium.', 150, 50, 0, 0, 0, 20, 1.90, 0.20, 20, 0, 0, 0, 50, 0, 0, 0, 0, 1.50, 0, 0, 0, 0, 0, 0.00, 0, 50, 2, 1, 1, 0, 0, 0, 0, 0),
	(3, 'Chemiefabrik', 2, 'Produziert PVC.', 'Produziert PVC.', 100, 80, 0, 0, 0, 20, 1.90, 0.20, 20, 0, 0, 0, 0, 40, 0, 0, 0, 1.50, 0, 0, 0, 0, 0, 0.00, 0, 50, 3, 1, 3, 0, 0, 0, 0, 0),
	(4, 'Tritiumsynthesizer', 2, 'Produziert Tritium.', 'Produziert Tritium.', 100, 70, 0, 10, 0, 50, 1.90, 0.20, 50, 0, 0, 0, 0, 0, 65, 0, 0, 1.50, 0, 0, 0, 0, 0, 0.00, 0, 50, 3, 1, 4, 0, 0, 0, 0, 0),
	(5, 'Gewächshaus', 2, 'Produziert Nahrung.', 'Produziert Nahrung.', 80, 100, 0, 0, 0, 5, 1.90, 0.20, 5, 0, 0, 0, 0, 0, 0, 40, 0, 1.50, 0, 0, 0, 0, 0, 0.00, 0, 50, 2, 1, 5, 0, 0, 0, 0, 0),
	(6, 'Planetenbasis', 1, 'Das Grundgebäude jedes Planeten bietet Platz für Bewohner, Lagerräume und produziert Rohstoffe.', 'Die Planetenbasis ist die Schaltzentrale aller Aktivitäten auf deinem Planeten. Du musst zuerst eine Planetenbasis bauen, danach kannst du alle weiteren Gebäude errichten. Die Planetenbasis liefert ein Grundeinkommen an Rohstoffen und eine minimale Energieversorgung durch ein integriertes Erdwärmekraftwerk. Es ist jedoch sinnvoll, Minen und Fabriken zu bauen, um die Rohstoffproduktion zu steigern.', 500, 250, 0, 300, 0, 50, 2.00, 0.00, 50, 0, 0, 50, 20, 10, 5, 15, 200, 1.00, 100000, 100000, 100000, 100000, 100000, 1.00, 300, 1, 5, 1, 0, 0, 1, 0, 0, 0),
	(7, 'Wohnmodul', 1, 'Mit einem Wohnmodul wird die Kapazität für Bewohner erhöht.', 'Mit steigendem Wachstum eines Planeten werden immer mehr Gebäude errichtet und ausgebaut, wofür mehr Arbeiter benötigt werden.\r\nEin Ausbau des Wohnmoduls ist deshalb wichtig, welches die Kapazität der Bewohner erhöht und so potenzielle Arbeiter freigibt.', 100, 60, 0, 150, 0, 0, 1.65, 0.40, 0, 0, 0, 0, 0, 0, 0, 0, 0, 0.00, 0, 0, 0, 0, 0, 1.80, 300, 50, 1, 1, 1, 0, 1, 0, 0, 0),
	(8, 'Forschungslabor', 1, 'Im Labor werden neue Techniken entwickelt. Höhere Stufen senken die Forschungszeit.', 'Damit Schiffe und Spezialgebäude errichten werden können, braucht es ein Forschungslabor, in dem die Wissenschaftler neue Technologien entwickeln. Je höher das Forschungslabor ausgebaut ist, desto mehr Technologien können entwickelt werden. Erforschte Technologien gelten automatisch auf allen Planeten deines Reiches.\r\nAusserdem senkt das Forschungslabor die Forschungszeit, jedoch erst ab einer bestimmten Stufe!\r\nUm zur Elite auf dem Gebiet der Technologien zu gehören, ist ein guter Ausbau des Forschungslabors unverzichtbar. ', 598, 836, 247, 418, 0, 0, 1.80, 0.40, 0, 0, 0, 0, 0, 0, 0, 0, 0, 0.00, 0, 0, 0, 0, 0, 0.00, 0, 50, 4, 1, 2, 0, 1, 0, 0, 0),
	(9, 'Schiffswerft', 1, 'In der Werft werden alle Raumschiffe gebaut.Höhere Stufen senken die Bauzeit.', 'In der Schiffswerft werden Schiffe gebaut, die im Krieg oder für den Handel mit anderen Völkern eingesetzt werden können. Je höher die Werft, desto mehr Schiffe können gebaut werden.\r\nAusserdem senkt die Schiffswerft die Bauzeit der Schiffe, jedoch erst ab einer bestimmten Stufe!', 900, 680, 510, 780, 0, 0, 1.80, 0.40, 0, 0, 0, 0, 0, 0, 0, 0, 0, 0.00, 0, 0, 0, 0, 0, 0.00, 0, 50, 6, 1, 3, 0, 1, 0, 0, 0),
	(10, 'Waffenfabrik', 1, 'In der Waffenfabrik werden Verteidigungsanlagen gebaut. Höhere Stufen senken die Bauzeit.', 'Die Waffenfabrik bietet jedem Volk die Möglichkeit, Verteidigungsanlagen gegen feindliche Angriffe zu errichten.\r\nVerteidigungsanlagen funktionieren, wenn sie mal gebaut sind, selbstständig und eröffnen das Feuer gegen angreifende Flotten. \r\nAusserdem senkt der Ausbau der Waffenfabrik die Bauzeit der Verteidigungsanlagen, jedoch erst ab einer bestimmten Stufe!', 750, 480, 320, 500, 0, 0, 1.70, 0.40, 0, 0, 0, 0, 0, 0, 0, 0, 0, 0.00, 0, 0, 0, 0, 0, 0.00, 0, 50, 5, 1, 4, 0, 1, 0, 0, 0),
	(11, 'Flottenkontrolle', 1, 'Koordiniert deine Flotten. Je weiter die Flottenkontrolle ausgebaut ist, desto mehr Flotten können starten.', 'Die Flottenkontrolle ist ein Gebäude voller Überwachungscomputer, Leitsystemen, Empfänger- sowie Sendeanlagen. Mit Hilfe der Flottenkontrolle werden Flotten gesteuert. Sie ist ebenfalls Voraussetzung für den Bau von Schiffen. Je weiter die Flottenkontrolle ausgebaut ist, desto mehr Flotten können vom Planeten gestartet werden.', 1100, 750, 0, 500, 0, 0, 1.80, 0.40, 0, 0, 0, 0, 0, 0, 0, 0, 0, 0.00, 0, 0, 0, 0, 0, 0.00, 0, 50, 5, 1, 5, 0, 0, 0, 0, 0),
	(12, 'Windkraftwerk', 3, 'Nicht sehr effizientes und relativ teures Kraftwerk, welches Energie mit Hilfe des Windes gewinnt.', 'Windenergieanlagen wandeln mit Hilfe des Rotors die Windenergie in eine Drehbewegung um. Mit Hilfe von Generatoren wird diese Drehbewegung in eine elektrische Energie umgewandelt, welche dann in das Stromnetz des Planeten eingespeist wird.\r\nWindenergie ist eine alternative Energie, jedoch noch nicht sehr effizient. Der Bau ist relativ teuer und die Produktion nur mittelmässig.', 250, 50, 5, 80, 0, 0, 1.90, 0.20, 0, 0, 0, 0, 0, 0, 0, 0, 80, 1.65, 0, 0, 0, 0, 0, 0.00, 0, 50, 1, 1, 0, 0, 0, 0, 0, 0),
	(13, 'Solarkraftwerk', 3, 'Solarkraftwerke gewinnen Energie durch Sonnenlicht. ', 'In einer Solarstromanlage findet die Umwandlung von Sonnenenergie in elektrische Energie statt. Eine Solarstromanlage besteht aus mehreren Komponenten. Der Generator empfängt und wandelt die Lichtenergie in elektrische Energie um. Als Empfänger dient die Solarzelle. Hierbei kommen Spiegel oder Linsensysteme zum Einsatz, die die Strahlung auf die Zellen umleiten und konzentrieren.\r\nEiner der wichtigsten Bestandteile einer Solarzelle ist das Metal Silizium. Dieses hat die Eigenschaft, unter Bestrahlung von Licht eine elektrische Spannung erzeugen zu können.\r\nDiese Methode für die Energieerzeugung ist noch sehr jung und unerforscht. Wegen den grossen Mengen an Silizium die es benötigt, wird das Solarkraftwerk oft als unrentabel bezeichnet, jedoch kann sich die Energiegewinnung daraus sehen lassen.', 150, 250, 0, 160, 0, 0, 1.90, 0.20, 0, 0, 0, 0, 0, 0, 0, 0, 100, 1.70, 0, 0, 0, 0, 0, 0.00, 0, 50, 1, 1, 2, 0, 0, 0, 0, 0),
	(14, 'Fusionskraftwerk', 3, 'Durch die Fusion von Tritium und Deuterium werden im Fusionskraftwerk riesige Energiemengen gewonnen. ', 'Als Kernfusion wird der Prozess des Verschmelzens zweier Atomkerne zu einem schwereren Kern bezeichnet. Besonders viel Energie wird frei, wenn Deuterium und Tritium miteinander verschmelzen. Hier beträgt der Massendefekt fast 4 Promille. Die fehlende Masse wird aufgrund der Äquivalenz von Masse und Energie aus Einsteins Gleichung E=mc^2 als kinetische Energie auf die Reaktionsprodukte übertragen. Da c^2 eine sehr grosse Zahl ist, setzt schon die Fusion kleiner Mengen von Deuterium und Tritium gewaltige Energiemengen frei.\r\nDie Effizienz dieses Kraftwerkes wird pro Stufe immer wie grösser! Die Energie, welche das Kraftwerk in den ersten Stufen freisetzt, wird oft als normal angesehen, jedoch stellt sich schon sehr früh heraus, dass beim weiteren Ausbau des Fusionskraftwerkes die Effizient beachtlich gesteigert wird!', 3000, 4900, 8300, 1500, 0, 0, 1.90, 0.20, 0, 0, 0, 0, 0, 0, 0, 0, 1500, 1.95, 0, 0, 0, 0, 0, 0.00, 0, 50, 2, 1, 5, 0, 0, 0, 0, 0),
	(15, 'Gezeitenkraftwerk', 3, 'Dieses Kraftwerk gewinnt Energie durch den Hubunterschied der Gezeiten.', 'Ein Gezeitenkraftwerk ist ein Kraftwerk zur Produktion von elektrischem Strom, das durch die Tide angetrieben wird. Sie sind eine Sonderform der Wasserkraftwerke.\r\nGezeitenkraftwerke werden an Meeresbuchten und in Ästuaren errichtet, die einen besonders hohen Tidenhub haben. Dazu wird die entsprechende Bucht durch einen Deich abgedämmt. Dadurch kann das Wasser der Tidenströme durch die Turbinen strömen, die aufgrund der Gezeitenströme, welche viermal am Tag die Richtung wechseln, auf Zweirichtungsbetrieb eingestellt sind.', 2100, 1000, 500, 2000, 0, 0, 1.85, 0.20, 0, 0, 0, 0, 0, 0, 0, 0, 750, 1.75, 0, 0, 0, 0, 0, 0.00, 0, 50, 3, 1, 3, 0, 0, 0, 0, 0),
	(16, 'Titanspeicher', 4, 'Lagert Titan.', 'Lagert Titan. Wenn die Lagerkapazität des Speichers überschritten ist, können keine weiteren Rohstoffe produziert bzw. gefördert werden. Baue in diesem Fall den Speicher aus.', 4000, 100, 0, 100, 0, 0, 1.80, 0.20, 0, 0, 0, 0, 0, 0, 0, 0, 0, 0.00, 100000, 0, 0, 0, 0, 1.80, 0, 50, 1, 1, 0, 0, 0, 0, 0, 0),
	(17, 'Siliziumspeicher', 4, 'Lagert Silizium.', 'Lagert Silizium. Wenn die Lagerkapazität des Speichers überschritten ist, können keine weiteren Rohstoffe produziert bzw. gefördert werden. Baue in diesem Fall den Speicher aus.', 100, 3500, 0, 100, 0, 0, 1.80, 0.20, 0, 0, 0, 0, 0, 0, 0, 0, 0, 0.00, 0, 100000, 0, 0, 0, 1.80, 0, 50, 1, 1, 1, 0, 0, 0, 0, 0),
	(18, 'Lagerhalle', 4, 'Lagert Plastik.', 'Lagert Plastik. Wenn die Lagerkapazität des Speichers überschritten ist, können keine weiteren Rohstoffe produziert bzw. gefördert werden. Baue in diesem Fall den Speicher aus.', 50, 50, 0, 3750, 0, 0, 1.80, 0.20, 0, 0, 0, 0, 0, 0, 0, 0, 0, 0.00, 0, 0, 100000, 0, 0, 1.80, 0, 50, 1, 1, 2, 0, 0, 0, 0, 0),
	(19, 'Nahrungssilo', 4, 'Lagert Nahrung.', 'Lagert Nahrung.Wenn die Lagerkapazität des Speichers überschritten ist, können keine weiteren Rohstoffe produziert bzw. gefördert werden. Baue in diesem Fall den Speicher aus.', 1000, 1000, 0, 1000, 0, 0, 1.80, 0.20, 0, 0, 0, 0, 0, 0, 0, 0, 0, 0.00, 0, 0, 0, 0, 100000, 1.80, 0, 50, 1, 1, 4, 0, 0, 0, 0, 0),
	(20, 'Tritiumsilo', 4, 'Lagert Tritium.', 'Lagert Tritium. Wenn die Lagerkapazität des Speichers überschritten ist, können keine weiteren Rohstoffe produziert bzw. gefördert werden. Baue in diesem Fall den Speicher aus.', 500, 500, 3000, 0, 0, 0, 1.80, 0.20, 0, 0, 0, 0, 0, 0, 0, 0, 0, 0.00, 0, 0, 0, 100000, 0, 1.80, 0, 50, 1, 1, 3, 0, 0, 0, 0, 0),
	(21, 'Marktplatz', 1, 'Auf dem Marktplatz können Schiffe und Rohstoffe gehandelt und ersteigert werden.', 'Der Marktplatz bildet das Zentrum aller Händler in Andromeda.\r\nHand mit Schiffen, Rohstoffen, \r\nJe höher der Marktplatz ausgebaut ist, desto mehr Waren können gleichzeitig angeboten werden.\r\nAusserdem werden mehr Waren zurück erstattet, wenn ein Angebot zurückgezogen wird.\r\nDer Markt kann aber nicht beliebig weit ausgebaut werden, sondern ist durch ein Maximallevel beschränkt.', 15000, 12500, 1750, 17500, 0, 0, 1.50, 1.50, 0, 0, 0, 0, 0, 0, 0, 0, 0, 0.00, 0, 0, 0, 0, 0, 0.00, 0, 10, 4, 1, 6, 0, 0, 0, 0, 0),
	(22, 'Orbitalplattform', 1, 'Die Orbitalplattform erhöht den Platz auf einem Planeten und bietet Lagerräume für Ressourcen.', 'Die Orbitalplattform erhöht die Anzahl verfügbarer Felder auf einem Planeten. Dies wird besonders wichtig, wenn ein Planet nicht allzu viele Felder besitzt, oder viele Verteidigungsanlagen errichtet wurden. Ebenfalls befinden sich auf der Plattform zusätzliche Lagerräume für diverse Ressourcen.\r\nPro Ausbaustufe erhöht sich die Anzahl der Felder, ebenso die Grösse der Lagerräume.', 30000, 60000, 50000, 55000, 0, 100, 1.90, 0.00, 100, 0, 0, 0, 0, 0, 0, 0, 0, 1.80, 10000, 15000, 20000, 0, 0, 2.00, 0, 50, 0, 1, 7, 60, 0, 0, 0, 0),
	(23, 'Multimine', 2, 'Dieses riesige Mine fördert Titan und Silizium zu Tage und kann auch eine gewisse Menge an Rohstoffen speichern. Allerdings verbraucht sie enorm viel Energie!', 'Dieses riesige Mine fördert Titan und Silizium zu Tage und kann auch eine gewisse Menge an Rohstoffen speichern. Allerdings verbraucht sie enorm viel Energie! Da sie so enorm gross ist, braucht sie viele Felder und kann nur bis zu Stufe 15 gebaut werden.', 5100, 7200, 160, 1100, 0, 0, 2.00, 0.00, 100, 0, 0, 100, 70, 0, 0, 0, 0, 1.80, 50000, 50000, 0, 0, 0, 1.50, 0, 15, 8, 0, 20, 0, 0, 0, 0, 0),
	(24, 'Kryptocenter', 1, 'Das Kryptocenter analysiert Kommunikationskanäle um Infos über fremde Flottenbewegungen zu erhalten. ', 'Das Kryptocenter analysiert Kommunikationskanäle zwischen Flotten und Bodenstationen, um Aufschluss über fremde Flottenbewegungen zu erhalten. Mit Hilfe eines riesigen unterirdischen Rechenzentrums werden die gewonnenen Daten analysiert, entschlüsselt und ausgewertet, deshalb braucht diese Anlage enorm viel Energie zum Bau und zum  Betrieb. Je höher der Level dieser Anlage, desto grösser ist auch die Reichweite des Scanners.', 50000, 450000, 650000, 50000, 0, 1000000, 1.50, 0.10, 0, 1000000, 0, 0, 0, 0, 0, 0, 0, 1.50, 0, 0, 0, 0, 0, 0.00, 0, 10, 5, 0, 11, 0, 0, 0, 0, 0),
	(25, 'Raketensilo', 1, 'Im Raketensilo werden Raketen gebaut und gestartet, um gegnerische Verteidigungsanlagen zu beschädigen.', 'Im Raketensilo werden Raketen gelagert und gestartet, mit denen man gegnerische Verteidigungsanlagen beschädigen oder ausser Gefecht setzen kann, sowie Raketen um gegnerische Raketen abzufangen. Je grösser das Silo ist, desto mehr Raketen können darin gelagert werden.', 100000, 50000, 70000, 20000, 0, 50000, 1.40, 0.00, 50000, 0, 300, 0, 0, 0, 0, 0, 0, 1.40, 0, 0, 0, 0, 0, 0.00, 0, 20, 2, 1, 10, 0, 0, 0, 0, 0),
	(26, 'Rohstoffbunker', 1, 'In diesem Bunker kann im Falle eines Angriffs ein Teil der Rohstoffe versteckt werden.', 'In diesem Bunker kann im Falle eines Angriffs ein Teil der Rohstoffe versteckt werden, so dass sie nicht geklaut werden können. Das Verstecken geschieht automatisch. Auf Stufe 1 können 8000 Resourcen versteckt werden, pro Stufe verdoppelt sich diese Anzahl.', 5000, 1000, 0, 2000, 0, 0, 2.00, 0.20, 0, 0, 0, 0, 0, 0, 0, 0, 0, 0.00, 0, 0, 0, 0, 0, 2.00, 0, 15, 0, 1, 8, 0, 0, 8000, 0, 0),
	(27, 'Flottenbunker', 1, '', '', 20000, 10000, 0, 5000, 0, 0, 2.00, 0.50, 0, 0, 0, 0, 0, 0, 0, 0, 0, 0.00, 0, 0, 0, 0, 0, 2.00, 0, 12, 0, 1, 9, 0, 0, 0, 5, 2500);
/*!40000 ALTER TABLE `buildings` ENABLE KEYS */;

-- Exportiere Struktur von Tabelle etoa_round16.building_requirements
CREATE TABLE IF NOT EXISTS `building_requirements` (
  `id` int(10) unsigned NOT NULL AUTO_INCREMENT,
  `obj_id` int(10) unsigned NOT NULL DEFAULT '0',
  `req_building_id` int(10) unsigned NOT NULL DEFAULT '0',
  `req_tech_id` int(10) unsigned NOT NULL DEFAULT '0',
  `req_level` tinyint(3) unsigned NOT NULL DEFAULT '1',
  PRIMARY KEY (`id`),
  UNIQUE KEY `obj_id` (`obj_id`,`req_building_id`,`req_tech_id`)
) ENGINE=MyISAM AUTO_INCREMENT=73 DEFAULT CHARSET=utf8;

-- Exportiere Daten aus Tabelle etoa_round16.building_requirements: 50 rows
/*!40000 ALTER TABLE `building_requirements` DISABLE KEYS */;
REPLACE INTO `building_requirements` (`id`, `obj_id`, `req_building_id`, `req_tech_id`, `req_level`) VALUES
	(1, 1, 6, 0, 1),
	(2, 2, 6, 0, 1),
	(5, 5, 6, 0, 1),
	(67, 7, 3, 0, 5),
	(11, 12, 6, 0, 1),
	(12, 3, 1, 0, 2),
	(13, 3, 12, 0, 3),
	(14, 4, 12, 0, 4),
	(15, 4, 2, 0, 3),
	(16, 8, 12, 0, 5),
	(17, 10, 8, 0, 2),
	(18, 9, 10, 0, 2),
	(19, 9, 8, 0, 4),
	(20, 11, 9, 0, 1),
	(21, 13, 0, 3, 3),
	(22, 14, 0, 3, 8),
	(23, 15, 0, 3, 5),
	(72, 19, 5, 0, 10),
	(71, 20, 4, 0, 10),
	(70, 18, 3, 0, 10),
	(68, 16, 1, 0, 10),
	(69, 17, 2, 0, 10),
	(29, 13, 6, 0, 1),
	(30, 14, 6, 0, 1),
	(31, 15, 6, 0, 1),
	(32, 4, 1, 0, 1),
	(66, 21, 11, 0, 5),
	(35, 22, 0, 3, 10),
	(36, 22, 10, 10, 8),
	(37, 23, 1, 0, 10),
	(38, 23, 2, 0, 9),
	(39, 23, 14, 0, 6),
	(40, 23, 0, 3, 8),
	(41, 23, 0, 16, 3),
	(50, 25, 0, 24, 1),
	(51, 25, 11, 0, 12),
	(52, 25, 10, 0, 10),
	(53, 24, 11, 0, 11),
	(54, 24, 14, 0, 5),
	(55, 24, 0, 7, 13),
	(56, 24, 0, 25, 7),
	(57, 26, 16, 0, 1),
	(58, 26, 17, 0, 1),
	(59, 26, 18, 0, 1),
	(60, 26, 19, 0, 1),
	(61, 26, 20, 0, 1),
	(62, 27, 11, 0, 5),
	(63, 27, 0, 3, 5),
	(64, 27, 0, 25, 3),
	(65, 27, 0, 11, 5);
/*!40000 ALTER TABLE `building_requirements` ENABLE KEYS */;

-- Exportiere Struktur von Tabelle etoa_round16.building_types
CREATE TABLE IF NOT EXISTS `building_types` (
  `type_id` int(10) unsigned NOT NULL AUTO_INCREMENT,
  `type_name` varchar(50) NOT NULL,
  `type_order` tinyint(3) unsigned NOT NULL DEFAULT '0',
  `type_color` char(7) NOT NULL DEFAULT '#ffffff',
  PRIMARY KEY (`type_id`)
) ENGINE=MyISAM AUTO_INCREMENT=5 DEFAULT CHARSET=utf8;

-- Exportiere Daten aus Tabelle etoa_round16.building_types: 4 rows
/*!40000 ALTER TABLE `building_types` DISABLE KEYS */;
REPLACE INTO `building_types` (`type_id`, `type_name`, `type_order`, `type_color`) VALUES
	(1, 'Allgemeine Gebäude', 1, '#ffffff'),
	(2, 'Rohstoffgebäude', 2, '#ffffff'),
	(3, 'Kraftwerke', 3, '#ffffff'),
	(4, 'Speicher', 4, '#ffffff');
/*!40000 ALTER TABLE `building_types` ENABLE KEYS */;

-- Exportiere Struktur von Tabelle etoa_round16.defense
CREATE TABLE IF NOT EXISTS `defense` (
  `def_id` int(10) unsigned NOT NULL AUTO_INCREMENT,
  `def_name` varchar(50) NOT NULL,
  `def_shortcomment` text NOT NULL,
  `def_longcomment` text NOT NULL,
  `def_costs_metal` int(10) unsigned NOT NULL DEFAULT '0',
  `def_costs_crystal` int(10) unsigned NOT NULL DEFAULT '0',
  `def_costs_fuel` int(10) unsigned NOT NULL DEFAULT '0',
  `def_costs_plastic` int(10) unsigned NOT NULL DEFAULT '0',
  `def_costs_food` int(10) unsigned NOT NULL DEFAULT '0',
  `def_costs_power` int(10) unsigned NOT NULL DEFAULT '0',
  `def_power_use` int(10) unsigned NOT NULL DEFAULT '0',
  `def_fuel_use` int(10) unsigned NOT NULL DEFAULT '0',
  `def_prod_power` int(10) unsigned NOT NULL DEFAULT '0',
  `def_fields` smallint(3) unsigned NOT NULL DEFAULT '0',
  `def_show` tinyint(1) unsigned NOT NULL DEFAULT '1',
  `def_buildable` tinyint(1) unsigned NOT NULL DEFAULT '1',
  `def_order` tinyint(3) unsigned NOT NULL DEFAULT '0',
  `def_structure` int(10) unsigned NOT NULL DEFAULT '0',
  `def_shield` int(10) unsigned NOT NULL DEFAULT '0',
  `def_weapon` int(10) unsigned NOT NULL DEFAULT '0',
  `def_heal` int(10) unsigned NOT NULL DEFAULT '0',
  `def_jam` tinyint(3) unsigned NOT NULL DEFAULT '0',
  `def_race_id` int(2) unsigned NOT NULL DEFAULT '0',
  `def_cat_id` tinyint(3) unsigned NOT NULL DEFAULT '1',
  `def_max_count` int(10) unsigned NOT NULL DEFAULT '999999',
  `def_points` decimal(20,3) unsigned NOT NULL DEFAULT '0.000',
  PRIMARY KEY (`def_id`),
  KEY `def_name` (`def_name`),
  KEY `def_order` (`def_order`),
  KEY `def_max_count` (`def_max_count`),
  KEY `def_battlepoints` (`def_points`)
) ENGINE=MyISAM AUTO_INCREMENT=18 DEFAULT CHARSET=utf8;

-- Exportiere Daten aus Tabelle etoa_round16.defense: 16 rows
/*!40000 ALTER TABLE `defense` DISABLE KEYS */;
REPLACE INTO `defense` (`def_id`, `def_name`, `def_shortcomment`, `def_longcomment`, `def_costs_metal`, `def_costs_crystal`, `def_costs_fuel`, `def_costs_plastic`, `def_costs_food`, `def_costs_power`, `def_power_use`, `def_fuel_use`, `def_prod_power`, `def_fields`, `def_show`, `def_buildable`, `def_order`, `def_structure`, `def_shield`, `def_weapon`, `def_heal`, `def_jam`, `def_race_id`, `def_cat_id`, `def_max_count`, `def_points`) VALUES
	(1, 'SPICA Flakkanone', 'Einfache und billige Abwehrwaffe.', 'Einfache und billige Abwehrwaffe.\r\nSie wird auf Gebäuden befestigt und braucht daher keine Felder. Sie ist aber nicht sehr effektiv. Darum ist es besser, sie nur am Anfang und auch dann nur in grossen Mengen zu bauen.', 800, 475, 0, 425, 0, 0, 1, 0, 0, 0, 1, 1, 0, 300, 150, 250, 0, 0, 0, 2, 1000000, 1.700),
	(2, 'POLARIS Raketengeschütz', 'Die Raketen dieses Geschützes verfolgen ihr Ziel mittels Lasersteuerung.', 'Um den gegnerischen Schiffen mit Raketen beizukommen, wurde dieses Raketengeschütz entwickelt. Es schiesst kleinere Raketen ab, welche dann das Ziel bis zur Zerstörung verfolgen. Es ist jedoch nicht sehr stark und dient vor allem zu Beginn als gute und billige Verteidigungswaffe.', 1000, 700, 300, 500, 0, 0, 3, 0, 0, 0, 1, 1, 2, 450, 325, 350, 0, 0, 0, 2, 1000000, 2.500),
	(3, 'ZIBAL Laserturm', 'Dieses Geschütz richtet einen gebündelten und starken Energiestrahl auf ihr Ziel.', 'Dieses Geschütz richtet einen gebündelten und starken Energiestrahl auf ihr Ziel. Es ist eine weiterentwickelte Verteidigungsanlage, welche es auch mit grösseren Schiffen aufnehmen kann.', 3900, 3100, 2100, 1500, 0, 0, 8, 0, 0, 0, 1, 1, 3, 1500, 2000, 1800, 0, 0, 0, 2, 100000, 10.600),
	(4, 'OMEGA Geschütz', 'Diese mächtige Abwehrwaffe beschützt deinen Planeten auch vor grösseren Angriffen.', 'Diese mächtige Abwehrwaffe beschützt deinen Planeten auch vor grösseren Angriffen. Da es aber eine starke Waffe ist, können maximal 1\\\'000 Stück gebaut werden.', 750000, 525000, 165000, 325000, 0, 0, 15, 0, 0, 1, 1, 1, 4, 300000, 350000, 275000, 0, 0, 0, 2, 1000, 1765.000),
	(5, 'VEGA Hochenergieschild', 'Dieser kleine Hochenergieschild schützt deine Verteidigungsanlagen und Schiffe vor feindlichem Beschuss.', 'Dieser kleine Hochenergieschild schützt deine Verteidigungsanlagen und Schiffe vor feindlichem Beschuss. Es ist jedoch nicht sehr gut und kann nur wenig Beschuss abhalten.', 3000, 1200, 1800, 600, 0, 0, 0, 0, 0, 1, 1, 1, 0, 1200, 3500, 0, 0, 0, 0, 1, 1, 6.600),
	(6, 'CASTOR Hochenergieschild', 'Dieser grosse Hochenergieschild schützt deine Verteidigungsanlagen und Schiffe vor feindlichem Beschuss.', 'Dieser grosse Hochenergieschild schützt deine Verteidigungsanlagen und Schiffe vor feindlichem Beschuss.', 95000, 40000, 45000, 25000, 0, 0, 0, 0, 0, 2, 1, 1, 1, 52500, 105000, 0, 0, 0, 0, 1, 1, 205.000),
	(7, 'NEKKAR Plasmawerfer', 'Die stärkste Verteidigung in ganz Andromeda.', 'Die stärkste Verteidigung in ganz Andromeda. Dieser Plasmawerfer kann es sogar mit einem Andromeda Kampfstern aufnehmen! Dabei schiesst er hochenergetische Teilchen auf das Ziel.\r\nBedingt durch seine Grösse und Stärke ist die maximale Anzahl pro Planet auf 15 limitiert.', 25000000, 20000000, 11500000, 12000000, 0, 0, 0, 0, 0, 2, 1, 1, 5, 14000000, 9500000, 14500000, 0, 0, 0, 2, 15, 68500.000),
	(8, 'SIGMA Hochenergieschild', 'Dies ist der grösste Schild in ganz Andromeda.', 'Dies ist der grösste Schild in ganz Andromeda. Dieser Schild nutzt hochenergetische Teilchen, um die Angriffe der Gegner abzufangen. Beim Bau dieses Schildes wird gleich noch ein Kraftwerk nur für diesen Schild gebaut, damit die Energieversorgung gesichert ist. Deshalb ist er so unglaublich teuer.', 250000000, 20000000, 25000000, 5000000, 0, 0, 0, 0, 0, 100, 1, 1, 3, 25000000, 225000000, 0, 0, 0, 0, 1, 1, 300000.000),
	(9, 'KAPPA Minen', 'Diese Minen schweben im Orbit und können gegnerische Schiffe zerstören.', 'Diese Minen schweben im Orbit und können gegnerische Schiffe zerstören. Sie sind mit Tritium gefüllt und explodieren bei einer Kollision mit feindlichen Schiffen. Da ein kleiner Korridor für eigene Schiffe und Handelsschiffe frei bleiben muss, kann maximal eine Million dieser Minen gebaut werden.', 500, 300, 400, 100, 0, 0, 0, 0, 0, 0, 1, 1, 1, 5, 5, 500, 0, 0, 0, 3, 1000000, 1.300),
	(11, 'PHOENIX Reparaturplattform', 'Diese Anlage repariert bei einem Kampf jede Runde eine gewisse Anzahl an Strukturpunkten, kann jedoch selbst auch zerstört werden.', 'Diese Anlage repariert bei einem Kampf jede Runde eine gewisse Anzahl an Strukturpunkten, kann jedoch selbst auch zerstört werden.\r\nDie grundlegende Idee, welche zur Entwicklung dieser Reparaturplattform führte, fanden die Serrakin in den Mutterschiffen der Cardassianer.', 6500, 3500, 3000, 1900, 0, 0, 0, 0, 0, 0, 1, 1, 10, 3150, 1900, 1700, 825, 0, 10, 3, 1000000, 14.900),
	(12, 'SAGITTARIUS Plasmaschild', 'Dieser spezielle Schild wurde schon oft zu kopieren versucht, doch bisher gelang es keiner anderen Rasse als den Serrakin, ihn so effizient herzustellen.', 'Dieser spezielle Schild wurde schon oft zu kopieren versucht, doch bisher gelang es keiner anderen Rasse als den Serrakin, ihn so effizient herzustellen.', 1350000, 1000000, 1050000, 625000, 0, 0, 0, 0, 0, 20, 1, 1, 2, 1400000, 2100000, 0, 0, 0, 10, 1, 1, 4025.000),
	(10, 'MAGNETRON Störsender', 'Diese defensive Anlage kann zufällige Signale in den Raum abgeben und so das Auffinden und Entschlüsseln der eigenen Flottenkommunikation durch gegnerische Spione erschweren.', 'Durch die Verfügbarkeit von grossen Rechenzentren ist in letzter Zeit die Bedrohung durch kryptographische Angriffe auf die eigenen Flottenfunkverbindungen stark angestiegen. Viele Generäle fühlten sich nicht mehr sicher, da ihre Feinde anscheinend plötzlich sehr genau wussten, wann und wo ihre Flotten landen würden. Dies führte zur Erfindung des MAGNETRON Störsenders. Die riesigen Sendeanlagen erzeugen zufällige Funksignale, die sie in den Raum abgeben. Eine gegnerische Analyse der Funksignale eines Planeten findet so viel zu viele Signale und hat Mühe, die richtigen herauszufiltern. ', 20000, 50000, 10000, 15000, 0, 0, 0, 0, 0, 5, 1, 1, 10, 15000, 1200, 0, 0, 1, 0, 3, 10, 95.000),
	(14, 'ZIBAL Laserturm M', 'Dieses Geschütz richtet einen gebündelten und starken Energiestrahl auf ihr Ziel. Mobile Version.', 'Dieses Geschütz richtet einen gebündelten und starken Energiestrahl auf ihr Ziel. Es ist eine weiterentwickelte Verteidigungsanlage, welche es auch mit grösseren Schiffen aufnehmen kann. Kann auf andere Planeten transportiert werden.', 3900, 3100, 2100, 1500, 0, 0, 8, 0, 0, 0, 1, 1, 3, 1500, 2000, 1800, 0, 0, 10, 2, 100000, 10.600),
	(15, 'POLARIS Raketengeschütz M', 'Die Raketen dieses Geschützes verfolgen ihr Ziel mittels Lasersteuerung. Mobile Version.', 'Um den gegnerischen Schiffen mit Raketen beizukommen, wurde dieses Raketengeschütz entwickelt. Es schiesst kleinere Raketen ab, welche dann das Ziel bis zur Zerstörung verfolgen. Es ist jedoch nicht sehr stark und dient vor allem zu Beginn als gute und billige Verteidigungswaffe. Kann auf andere Planeten transportiert werden.', 1000, 700, 300, 500, 0, 0, 3, 0, 0, 0, 1, 1, 2, 450, 325, 350, 0, 0, 10, 2, 1000000, 2.500),
	(16, 'SPICA Flakkanone M', 'Einfache und billige Abwehrwaffe. Mobile Version.', 'Einfache und billige Abwehrwaffe.\r\nSie wird auf Gebäuden befestigt und braucht daher keine Felder. Sie ist aber nicht sehr effektiv. Darum ist es besser, sie nur am Anfang und auch dann nur in grossen Mengen zu bauen. Kann auf andere Planeten transportiert werden.', 800, 475, 0, 425, 0, 0, 1, 0, 0, 0, 1, 1, 0, 300, 150, 250, 0, 0, 10, 2, 1000000, 1.700),
	(17, 'PHOENIX Reparaturplattform M', 'Diese Anlage repariert bei einem Kampf jede Runde eine gewisse Anzahl an Strukturpunkten, kann jedoch selbst auch zerstört werden. Mobile Version.', 'Diese Anlage repariert bei einem Kampf jede Runde eine gewisse Anzahl an Strukturpunkten, kann jedoch selbst auch zerstört werden.\r\nDie grundlegende Idee, welche zur Entwicklung dieser Reparaturplattform führte, fanden die Serrakin in den Mutterschiffen der Cardassianer. Kann auf andere Planeten transportiert werden.', 6500, 3500, 3000, 1900, 0, 0, 0, 0, 0, 0, 1, 1, 10, 3150, 1900, 1700, 825, 0, 10, 3, 1000000, 14.900);
/*!40000 ALTER TABLE `defense` ENABLE KEYS */;

-- Exportiere Struktur von Tabelle etoa_round16.def_cat
CREATE TABLE IF NOT EXISTS `def_cat` (
  `cat_id` int(10) unsigned NOT NULL AUTO_INCREMENT,
  `cat_name` varchar(30) COLLATE utf8_unicode_ci NOT NULL,
  `cat_order` tinyint(2) unsigned NOT NULL DEFAULT '0',
  `cat_color` char(7) COLLATE utf8_unicode_ci NOT NULL DEFAULT '#ffffff',
  PRIMARY KEY (`cat_id`)
) ENGINE=MyISAM AUTO_INCREMENT=4 DEFAULT CHARSET=utf8 COLLATE=utf8_unicode_ci;

-- Exportiere Daten aus Tabelle etoa_round16.def_cat: 3 rows
/*!40000 ALTER TABLE `def_cat` DISABLE KEYS */;
REPLACE INTO `def_cat` (`cat_id`, `cat_name`, `cat_order`, `cat_color`) VALUES
	(1, 'Schilder', 1, '#0080FF'),
	(2, 'Geschütze', 0, '#00ff00'),
	(3, 'Spezialanlagen', 2, '#B048F8');
/*!40000 ALTER TABLE `def_cat` ENABLE KEYS */;

-- Exportiere Struktur von Tabelle etoa_round16.def_requirements
CREATE TABLE IF NOT EXISTS `def_requirements` (
  `id` int(10) unsigned NOT NULL AUTO_INCREMENT,
  `obj_id` int(10) unsigned NOT NULL DEFAULT '0',
  `req_building_id` int(10) unsigned NOT NULL DEFAULT '0',
  `req_tech_id` int(10) unsigned NOT NULL DEFAULT '0',
  `req_level` tinyint(3) unsigned NOT NULL DEFAULT '1',
  PRIMARY KEY (`id`),
  UNIQUE KEY `obj_id` (`obj_id`,`req_building_id`,`req_tech_id`)
) ENGINE=MyISAM AUTO_INCREMENT=87 DEFAULT CHARSET=utf8;

-- Exportiere Daten aus Tabelle etoa_round16.def_requirements: 50 rows
/*!40000 ALTER TABLE `def_requirements` DISABLE KEYS */;
REPLACE INTO `def_requirements` (`id`, `obj_id`, `req_building_id`, `req_tech_id`, `req_level`) VALUES
	(35, 12, 0, 16, 8),
	(2, 2, 10, 0, 3),
	(3, 3, 10, 0, 6),
	(4, 3, 0, 3, 5),
	(5, 4, 0, 3, 7),
	(6, 4, 10, 0, 8),
	(8, 5, 10, 0, 3),
	(11, 5, 0, 3, 4),
	(10, 5, 8, 0, 2),
	(12, 6, 10, 0, 6),
	(13, 6, 0, 3, 6),
	(14, 6, 8, 0, 5),
	(15, 7, 10, 0, 10),
	(16, 7, 0, 8, 11),
	(17, 7, 0, 3, 10),
	(84, 8, 0, 10, 12),
	(19, 8, 0, 3, 8),
	(20, 8, 10, 10, 12),
	(21, 8, 0, 9, 6),
	(22, 8, 22, 0, 3),
	(23, 3, 0, 8, 5),
	(24, 4, 8, 8, 7),
	(25, 9, 10, 0, 4),
	(26, 9, 0, 8, 3),
	(27, 9, 0, 4, 2),
	(28, 11, 10, 0, 8),
	(29, 11, 0, 25, 3),
	(30, 11, 0, 16, 4),
	(85, 11, 0, 19, 9),
	(32, 12, 10, 0, 9),
	(33, 12, 8, 0, 7),
	(34, 12, 0, 3, 10),
	(36, 10, 0, 25, 5),
	(37, 10, 0, 11, 8),
	(38, 10, 0, 3, 10),
	(39, 10, 13, 0, 5),
	(41, 14, 10, 0, 6),
	(42, 14, 0, 3, 5),
	(43, 14, 0, 8, 5),
	(82, 14, 0, 12, 6),
	(80, 15, 0, 12, 4),
	(71, 15, 10, 0, 3),
	(69, 16, 10, 0, 1),
	(75, 17, 0, 16, 4),
	(68, 1, 10, 0, 1),
	(73, 17, 10, 0, 8),
	(79, 16, 0, 12, 3),
	(74, 17, 0, 25, 3),
	(86, 17, 0, 19, 9),
	(83, 17, 0, 12, 8);
/*!40000 ALTER TABLE `def_requirements` ENABLE KEYS */;

-- Exportiere Struktur von Tabelle etoa_round16.missiles
CREATE TABLE IF NOT EXISTS `missiles` (
  `missile_id` int(10) unsigned NOT NULL AUTO_INCREMENT,
  `missile_name` varchar(50) NOT NULL,
  `missile_sdesc` text NOT NULL,
  `missile_ldesc` text NOT NULL,
  `missile_costs_metal` int(10) unsigned NOT NULL DEFAULT '0',
  `missile_costs_crystal` int(10) unsigned NOT NULL DEFAULT '0',
  `missile_costs_plastic` int(10) unsigned NOT NULL DEFAULT '0',
  `missile_costs_fuel` int(10) unsigned NOT NULL DEFAULT '0',
  `missile_costs_food` int(10) unsigned NOT NULL DEFAULT '0',
  `missile_damage` int(10) unsigned NOT NULL,
  `missile_speed` int(10) unsigned NOT NULL,
  `missile_range` int(10) unsigned NOT NULL,
  `missile_deactivate` smallint(3) unsigned NOT NULL DEFAULT '0',
  `missile_def` tinyint(2) unsigned NOT NULL DEFAULT '0',
  `missile_launchable` tinyint(1) unsigned NOT NULL DEFAULT '1',
  `missile_show` tinyint(1) unsigned NOT NULL DEFAULT '1',
  PRIMARY KEY (`missile_id`),
  KEY `missile_name` (`missile_name`),
  KEY `missile_damage` (`missile_damage`),
  KEY `missile_show` (`missile_show`),
  KEY `missile_launchable` (`missile_launchable`)
) ENGINE=MyISAM AUTO_INCREMENT=5 DEFAULT CHARSET=utf8;

-- Exportiere Daten aus Tabelle etoa_round16.missiles: 4 rows
/*!40000 ALTER TABLE `missiles` DISABLE KEYS */;
REPLACE INTO `missiles` (`missile_id`, `missile_name`, `missile_sdesc`, `missile_ldesc`, `missile_costs_metal`, `missile_costs_crystal`, `missile_costs_plastic`, `missile_costs_fuel`, `missile_costs_food`, `missile_damage`, `missile_speed`, `missile_range`, `missile_deactivate`, `missile_def`, `missile_launchable`, `missile_show`) VALUES
	(1, 'PHOBOS Rakete', 'Zerstört gegnerische Verteidigung.', 'Diese Rakete kann auf Verteidigungsanlagen eines feindlichen Planeten abgefeuert werden und verursacht an diesen einen gewissen Schaden, so dass einige Anlagen unter Umständen zerstört werden. Diese Raketen haben eine begrenzte Reichweite, treffen ihr Ziel aber immer.', 18000, 6000, 5000, 15000, 0, 25000, 100000, 3000, 0, 0, 1, 1),
	(2, 'GEMINI Abfangrakete', 'Abfangraketen schiessen selbstständig gegnerische Raketen ab, die diesen Planeten anfliegen.', 'Bei einem Raketenangriff können diese Raketen jeweils eine fremde Rakete zerstören. Sie lösen sich selbständig aus und bieten so einen guten Schutz gegen anfliegende Raketen. Gegen feindliche Flotten können sie jedoch nichts ausrichten. Ausserdem ist die Rakete nach dem Abfangen verbraucht und muss jeweils wieder neu gekauft werden.', 9000, 18000, 6000, 4000, 2000, 0, 0, 0, 0, 1, 0, 1),
	(3, 'VEGA EMP-Rakete', 'Kann ein gegnerisches Gebäude temporär deaktivieren.', 'Diese Rakete kann angreifen um ein gegnerisches Gebäude temporär ausser Kraft zu setzen. Sie richtet an der Verteidigung aber keinen Schaden an und kann ein Gebäude auch nicht vollständig zerstören! Die Rakete wird beim EMP-Angriff verbraucht und hat auch nur eine begrenzte Reichweite.', 18000, 6000, 5000, 15000, 0, 0, 90000, 3000, 300, 0, 1, 1),
	(4, 'VIRGO Abfangrakete', 'Verbesserte Abfangrakete; schiesst selbstständig zwei gegnerische Raketen ab.', 'Bei einem Raketenangriff können diese Raketen jeweils zwei fremde Rakete zerstören. Sie lösen sich  selbständig aus und bieten so einen guten Schutz. Gegen feindliche Flotten können sie jedoch nichts ausrichten. Ausserdem ist die Rakete nach dem Abfangen verbraucht und muss jeweils wieder neu gekauft werden.', 15000, 23000, 9000, 4000, 2000, 0, 0, 0, 0, 2, 0, 1);
/*!40000 ALTER TABLE `missiles` ENABLE KEYS */;

-- Exportiere Struktur von Tabelle etoa_round16.missile_requirements
CREATE TABLE IF NOT EXISTS `missile_requirements` (
  `id` int(10) unsigned NOT NULL AUTO_INCREMENT,
  `obj_id` int(10) unsigned NOT NULL DEFAULT '0',
  `req_building_id` int(10) unsigned NOT NULL DEFAULT '0',
  `req_tech_id` int(10) unsigned NOT NULL DEFAULT '0',
  `req_level` tinyint(3) unsigned NOT NULL DEFAULT '0',
  PRIMARY KEY (`id`),
  UNIQUE KEY `obj_id` (`obj_id`,`req_building_id`,`req_tech_id`)
) ENGINE=MyISAM AUTO_INCREMENT=15 DEFAULT CHARSET=utf8;

-- Exportiere Daten aus Tabelle etoa_round16.missile_requirements: 13 rows
/*!40000 ALTER TABLE `missile_requirements` DISABLE KEYS */;
REPLACE INTO `missile_requirements` (`id`, `obj_id`, `req_building_id`, `req_tech_id`, `req_level`) VALUES
	(1, 2, 25, 0, 1),
	(2, 2, 0, 25, 1),
	(4, 1, 25, 0, 3),
	(5, 1, 0, 24, 3),
	(6, 3, 25, 0, 4),
	(7, 3, 0, 24, 5),
	(8, 4, 25, 0, 5),
	(9, 4, 0, 24, 6),
	(10, 4, 0, 25, 5),
	(11, 1, 0, 25, 2),
	(12, 3, 0, 25, 4),
	(13, 3, 0, 17, 8),
	(14, 1, 0, 8, 8);
/*!40000 ALTER TABLE `missile_requirements` ENABLE KEYS */;

-- Exportiere Struktur von Tabelle etoa_round16.planets
CREATE TABLE IF NOT EXISTS `planets` (
  `id` int(10) unsigned NOT NULL,
  `planet_user_id` int(10) unsigned NOT NULL DEFAULT '0',
  `planet_user_main` tinyint(1) unsigned NOT NULL DEFAULT '0',
  `planet_user_changed` int(10) unsigned NOT NULL DEFAULT '0',
  `planet_last_user_id` int(10) unsigned NOT NULL DEFAULT '0',
  `planet_name` varchar(30) NOT NULL,
  `planet_type_id` tinyint(3) unsigned NOT NULL DEFAULT '0',
  `planet_fields` int(10) unsigned NOT NULL DEFAULT '0',
  `planet_fields_extra` int(10) unsigned NOT NULL DEFAULT '0',
  `planet_fields_used` int(10) unsigned NOT NULL DEFAULT '0',
  `planet_image` varchar(50) NOT NULL DEFAULT '0',
  `planet_temp_from` int(10) NOT NULL DEFAULT '0',
  `planet_temp_to` int(10) NOT NULL DEFAULT '0',
  `planet_semi_major_axis` decimal(5,3) unsigned NOT NULL DEFAULT '1.000',
  `planet_ecccentricity` decimal(4,3) unsigned NOT NULL DEFAULT '0.000',
  `planet_mass` int(8) unsigned NOT NULL DEFAULT '1',
  `planet_res_metal` decimal(18,6) unsigned NOT NULL DEFAULT '0.000000',
  `planet_res_crystal` decimal(18,6) unsigned NOT NULL DEFAULT '0.000000',
  `planet_res_fuel` decimal(18,6) unsigned NOT NULL DEFAULT '0.000000',
  `planet_res_plastic` decimal(18,6) unsigned NOT NULL DEFAULT '0.000000',
  `planet_res_food` decimal(18,6) unsigned NOT NULL DEFAULT '0.000000',
  `planet_use_power` int(10) unsigned NOT NULL DEFAULT '0',
  `planet_last_updated` int(10) unsigned NOT NULL DEFAULT '0',
  `planet_bunker_metal` int(10) unsigned NOT NULL DEFAULT '0',
  `planet_bunker_crystal` int(10) unsigned NOT NULL DEFAULT '0',
  `planet_bunker_plastic` int(10) unsigned NOT NULL DEFAULT '0',
  `planet_bunker_fuel` int(10) unsigned NOT NULL DEFAULT '0',
  `planet_bunker_food` int(10) unsigned NOT NULL DEFAULT '0',
  `planet_prod_metal` int(10) unsigned NOT NULL DEFAULT '0',
  `planet_prod_crystal` int(10) unsigned NOT NULL DEFAULT '0',
  `planet_prod_plastic` int(10) unsigned NOT NULL DEFAULT '0',
  `planet_prod_fuel` int(10) unsigned NOT NULL DEFAULT '0',
  `planet_prod_food` int(10) unsigned NOT NULL DEFAULT '0',
  `planet_prod_power` int(10) unsigned NOT NULL DEFAULT '0',
  `planet_prod_people` int(10) unsigned NOT NULL DEFAULT '0',
  `planet_store_metal` bigint(12) unsigned NOT NULL DEFAULT '0',
  `planet_store_crystal` bigint(12) unsigned NOT NULL DEFAULT '0',
  `planet_store_plastic` bigint(12) unsigned NOT NULL DEFAULT '0',
  `planet_store_fuel` bigint(12) unsigned NOT NULL DEFAULT '0',
  `planet_store_food` bigint(12) unsigned NOT NULL DEFAULT '0',
  `planet_wf_metal` bigint(12) unsigned NOT NULL DEFAULT '0',
  `planet_wf_crystal` bigint(12) unsigned NOT NULL DEFAULT '0',
  `planet_wf_plastic` bigint(12) unsigned NOT NULL DEFAULT '0',
  `planet_people` decimal(18,6) unsigned NOT NULL DEFAULT '0.000000',
  `planet_people_place` int(10) unsigned NOT NULL DEFAULT '0',
  `planet_desc` text NOT NULL,
  `invadedby` int(10) unsigned NOT NULL DEFAULT '0',
  PRIMARY KEY (`id`),
  KEY `planet_name` (`planet_name`),
  KEY `planet_last_updated` (`planet_last_updated`),
  KEY `mainplanet` (`planet_user_id`,`planet_user_main`,`planet_name`)
) ENGINE=MyISAM DEFAULT CHARSET=utf8 DELAY_KEY_WRITE=1;

-- Exportiere Daten aus Tabelle etoa_round16.planets: 0 rows
/*!40000 ALTER TABLE `planets` DISABLE KEYS */;
/*!40000 ALTER TABLE `planets` ENABLE KEYS */;

-- Exportiere Struktur von Tabelle etoa_round16.races
CREATE TABLE IF NOT EXISTS `races` (
  `race_id` int(10) unsigned NOT NULL AUTO_INCREMENT,
  `race_name` varchar(50) NOT NULL,
  `race_comment` text NOT NULL,
  `race_short_comment` text NOT NULL,
  `race_adj1` varchar(50) NOT NULL,
  `race_adj2` varchar(50) NOT NULL,
  `race_adj3` varchar(50) NOT NULL,
  `race_leadertitle` varchar(30) NOT NULL,
  `race_f_researchtime` decimal(4,2) unsigned NOT NULL DEFAULT '1.00',
  `race_f_buildtime` decimal(4,2) unsigned NOT NULL DEFAULT '0.00',
  `race_f_fleettime` decimal(4,2) unsigned NOT NULL DEFAULT '0.00' COMMENT 'Actualli this means speed rather than time',
  `race_f_metal` decimal(4,2) unsigned NOT NULL DEFAULT '1.00',
  `race_f_crystal` decimal(4,2) unsigned NOT NULL DEFAULT '1.00',
  `race_f_plastic` decimal(4,2) unsigned NOT NULL DEFAULT '1.00',
  `race_f_fuel` decimal(4,2) unsigned NOT NULL DEFAULT '1.00',
  `race_f_food` decimal(4,2) unsigned NOT NULL DEFAULT '1.00',
  `race_f_power` decimal(4,2) unsigned NOT NULL DEFAULT '1.00',
  `race_f_population` decimal(4,2) unsigned NOT NULL DEFAULT '1.00',
  `race_active` tinyint(1) unsigned NOT NULL DEFAULT '1',
  PRIMARY KEY (`race_id`),
  KEY `race_name` (`race_name`)
) ENGINE=MyISAM AUTO_INCREMENT=11 DEFAULT CHARSET=utf8;

-- Exportiere Daten aus Tabelle etoa_round16.races: 10 rows
/*!40000 ALTER TABLE `races` DISABLE KEYS */;
REPLACE INTO `races` (`race_id`, `race_name`, `race_comment`, `race_short_comment`, `race_adj1`, `race_adj2`, `race_adj3`, `race_leadertitle`, `race_f_researchtime`, `race_f_buildtime`, `race_f_fleettime`, `race_f_metal`, `race_f_crystal`, `race_f_plastic`, `race_f_fuel`, `race_f_food`, `race_f_power`, `race_f_population`, `race_active`) VALUES
	(1, 'Terraner', 'Die Terraner sind eine eher jüngere Rasse, deren Vorfahren ursprünglich vom Planeten Erde kamen. Die Menschen sind besonders gut in der Herstellung von Plastik und dem Anbau von Nahrung. Ihre Schwächen liegen im Abbau von Kristallen. ', 'Terraner bauen Ressourcen gleichmässig gut ab und haben relativ starke Schiffe.', 'terranischer', 'terranisches', 'terranische', 'Präsident der Terraner', 1.00, 1.00, 1.00, 1.15, 0.90, 1.25, 0.95, 1.40, 1.00, 1.00, 1),
	(2, 'Andorianer', 'Die Andorianer sind zugleich humanoid und insektoid. Sie haben graublaue Haut und weisses Haar. Auf ihrem Kopf haben sie zwei Fühler, die ihnen zur feinfühligen sinnlichen Wahrnehmung dienen. Ihre Stärke ist die Produktion künstlicher Stoffe wie Plastik. Ihre Schwäche ist der schlechte Umgang mit Energie.', 'Der Andorianer verfügt über grosses Wissen in der PVC-Herstellung', '', '', '', 'Schwarmführer der Andorianer', 1.00, 1.00, 1.00, 1.00, 1.10, 1.60, 1.00, 1.00, 1.00, 1.40, 1),
	(3, 'Rigelianer', 'Die Rigelianer stammen aus dem Rigel-System. Ihre Stärke liegt im Abbau von Kristallen, die für Steuereinheiten in Gebäuden und Schiffen verwendet werden. Da sie lange nur auf den Handel mit Silizium gesetzt haben, sind ihre Kenntnisse beim Abbau anderer Stoffe eher schlecht.', 'Spezialist in der Siliziumherstellung', '', '', '', 'Kaiser der Rigelianer', 1.00, 1.00, 1.00, 0.85, 1.80, 0.95, 1.00, 0.90, 1.00, 1.10, 1),
	(4, 'Orioner', 'Die Orioner sind eine humanoide Rasse aus der Nähe des Orions. Die Gesellschaft der Orioner besteht hauptsächlich aus Schmugglern und Piraten. Ihre Schiffe sind bekannt für ihre Schnelligkeit.', 'Orioner haben sich auf die Schnelligkeit der Schiffe spezialisiert', '', '', '', 'Kapitän der Orioner', 1.00, 1.00, 1.80, 1.10, 1.00, 0.90, 1.10, 1.00, 1.20, 1.10, 1),
	(5, 'Minbari', 'Die Minbari sind eine humanoide Rasse. Dadurch, dass sie den Rohstoff Erdöl nie gekannt haben, sind sie seit Ewigkeiten auf den Abbau von Tritium spezialisiert. Durch ihre enormen Treibstoffreserven und ihre grossen Anwendungskenntnisse von Tritium haben sie relativ schnelle Raumschiffe.', 'Eine Rasse mit schnellen Schiffen und grossem Wissen über Tritium.', 'minbarischer', '', 'minbarische', 'Vorsteher des Minbarikonzils', 1.00, 1.00, 1.20, 1.00, 1.00, 1.00, 1.60, 1.00, 1.00, 1.00, 1),
	(8, 'Centauri', 'Der Centauri ist spezialisiert auf zivile Schiffe. Schnelle kleine Transportsonden sowie Hochentwickelte Gassauger, haben sie zu einem Vorreiter ziviler Wirtschaftimperien gemacht.', 'Haben die grössten Gassauger im Spiel.', '', '', '', 'Professor der Centauri', 1.00, 1.00, 1.00, 1.25, 1.15, 0.90, 1.25, 0.90, 1.10, 1.10, 1),
	(6, 'Ferengi', 'Die Ferengi sind eine humanoide Rasse. Sie sind etwas kleinwüchsiger als Menschen und  haben grosse Ohren. Die Stärke der Ferengi liegt beim Abbau von Metall.', 'Profi in der Titanherstellung', '', '', '', 'Grosser Nagus der Ferengi', 1.00, 1.00, 1.00, 1.55, 0.90, 1.00, 0.95, 1.00, 1.00, 1.00, 1),
	(7, 'Vorgonen', 'Die Vorgonen sind eine Rasse die auf den Schiffbau ausgelegt ist. Entsprechend sind sie vor allem im Beschaffen von Treibstoff und Kunststoff für den Bau der Schiffe gut.', 'Vorgonen können Schiffe ohne Start und Landezeit bauen.', '', '', '', 'Architekt der Vorgonen', 1.00, 1.00, 1.10, 0.95, 0.95, 1.40, 1.20, 1.10, 1.10, 1.00, 1),
	(9, 'Cardassianer', 'Seit einer grossen Hungersnot haben sich die Cardassianer auf die Nahrungsherstellung spezialisiert, haben aber den Abbau von Erzen vernachlässigt.\r\nIhre andere Stärke liegt in der Fähigkeit der Mutterschiffe zur Regeneration von ganzen Flottenverbänden.', 'Spezialist in der Nahrungsherstellung', '', '', '', 'Zentralrat der Cardassianer', 1.00, 1.00, 1.00, 0.90, 0.90, 1.20, 1.00, 1.60, 1.10, 1.30, 1),
	(10, 'Serrakin', 'Die Serrakin sind eine sehr friedliche Rasse, welche sich nicht gerne in grosse Auseinandersetzungen einmischt. Sie weiss sich aber bei Angriffen sehr gut zu wehren, da die Verteidigungstechnologie ihr Spezialgebiet ist.', 'Der Serrakin setzt auf die Verteidigung seiner Kolonien', 'serrakinischer', '', 'serrakinische', 'Beschützer der Serrakin', 1.00, 1.00, 0.90, 1.15, 1.15, 1.10, 0.95, 1.10, 1.40, 1.00, 1);
/*!40000 ALTER TABLE `races` ENABLE KEYS */;

-- Exportiere Struktur von Tabelle etoa_round16.ships
CREATE TABLE IF NOT EXISTS `ships` (
  `ship_id` int(10) unsigned NOT NULL AUTO_INCREMENT,
  `ship_name` varchar(50) NOT NULL,
  `ship_type_id` tinyint(1) unsigned NOT NULL DEFAULT '1',
  `ship_shortcomment` text NOT NULL,
  `ship_longcomment` text NOT NULL,
  `ship_costs_metal` int(10) unsigned NOT NULL DEFAULT '0',
  `ship_costs_crystal` int(10) unsigned NOT NULL DEFAULT '0',
  `ship_costs_fuel` int(10) unsigned NOT NULL DEFAULT '0',
  `ship_costs_plastic` int(10) unsigned NOT NULL DEFAULT '0',
  `ship_costs_food` int(10) unsigned NOT NULL DEFAULT '0',
  `ship_costs_power` int(10) unsigned NOT NULL DEFAULT '0',
  `ship_power_use` int(10) unsigned NOT NULL DEFAULT '0',
  `ship_fuel_use` int(10) unsigned NOT NULL DEFAULT '0',
  `ship_fuel_use_launch` int(10) unsigned NOT NULL DEFAULT '0',
  `ship_fuel_use_landing` int(10) unsigned NOT NULL DEFAULT '0',
  `ship_prod_power` int(10) unsigned NOT NULL DEFAULT '0',
  `ship_capacity` int(10) unsigned NOT NULL DEFAULT '0',
  `ship_people_capacity` int(10) unsigned NOT NULL DEFAULT '0',
  `ship_pilots` int(5) unsigned NOT NULL DEFAULT '1',
  `ship_speed` int(10) unsigned NOT NULL DEFAULT '1',
  `ship_time2start` int(10) unsigned NOT NULL DEFAULT '0',
  `ship_time2land` int(10) unsigned NOT NULL DEFAULT '0',
  `ship_show` tinyint(1) unsigned NOT NULL DEFAULT '1',
  `ship_buildable` tinyint(1) unsigned NOT NULL DEFAULT '1',
  `ship_order` tinyint(1) unsigned NOT NULL DEFAULT '0',
  `ship_actions` text NOT NULL,
  `ship_bounty_bonus` decimal(4,2) unsigned NOT NULL DEFAULT '0.50',
  `ship_heal` int(10) unsigned NOT NULL DEFAULT '0',
  `ship_structure` bigint(20) unsigned NOT NULL DEFAULT '0',
  `ship_shield` bigint(20) unsigned NOT NULL DEFAULT '0',
  `ship_weapon` bigint(20) unsigned NOT NULL DEFAULT '0',
  `ship_race_id` tinyint(1) unsigned NOT NULL DEFAULT '0',
  `ship_launchable` tinyint(1) unsigned NOT NULL DEFAULT '1',
  `ship_fieldsprovide` tinyint(1) unsigned NOT NULL DEFAULT '0',
  `ship_cat_id` tinyint(1) unsigned NOT NULL DEFAULT '0',
  `ship_fakeable` tinyint(1) unsigned NOT NULL DEFAULT '0',
  `special_ship` tinyint(1) unsigned NOT NULL DEFAULT '0',
  `ship_max_count` int(11) unsigned NOT NULL DEFAULT '0',
  `special_ship_max_level` tinyint(1) unsigned NOT NULL DEFAULT '0',
  `special_ship_need_exp` int(10) unsigned NOT NULL DEFAULT '0',
  `special_ship_exp_factor` decimal(4,2) unsigned NOT NULL DEFAULT '1.00',
  `special_ship_bonus_weapon` decimal(4,2) unsigned NOT NULL DEFAULT '0.00',
  `special_ship_bonus_structure` decimal(4,2) unsigned NOT NULL DEFAULT '0.00',
  `special_ship_bonus_shield` decimal(4,2) unsigned NOT NULL DEFAULT '0.00',
  `special_ship_bonus_heal` decimal(4,2) unsigned NOT NULL DEFAULT '0.00',
  `special_ship_bonus_capacity` decimal(4,2) unsigned NOT NULL DEFAULT '0.00',
  `special_ship_bonus_speed` decimal(4,2) unsigned NOT NULL DEFAULT '0.00',
  `special_ship_bonus_pilots` decimal(4,2) unsigned NOT NULL DEFAULT '0.00',
  `special_ship_bonus_tarn` decimal(4,2) unsigned NOT NULL DEFAULT '0.00',
  `special_ship_bonus_antrax` decimal(4,2) unsigned NOT NULL DEFAULT '0.00',
  `special_ship_bonus_forsteal` decimal(4,2) unsigned NOT NULL DEFAULT '0.00',
  `special_ship_bonus_build_destroy` decimal(4,2) unsigned NOT NULL DEFAULT '0.00',
  `special_ship_bonus_antrax_food` decimal(4,2) unsigned NOT NULL DEFAULT '0.00',
  `special_ship_bonus_deactivade` decimal(4,2) unsigned NOT NULL DEFAULT '0.00',
  `special_ship_bonus_readiness` decimal(4,2) NOT NULL,
  `ship_points` decimal(18,3) unsigned NOT NULL DEFAULT '0.000',
  `ship_alliance_shipyard_level` tinyint(3) unsigned NOT NULL DEFAULT '0',
  `ship_alliance_costs` mediumint(5) unsigned NOT NULL DEFAULT '0',
  PRIMARY KEY (`ship_id`),
  KEY `ship_order` (`ship_order`),
  KEY `ship_battlepoints` (`ship_points`),
  KEY `ship_name` (`ship_name`)
) ENGINE=MyISAM AUTO_INCREMENT=100 DEFAULT CHARSET=utf8;

-- Exportiere Daten aus Tabelle etoa_round16.ships: 83 rows
/*!40000 ALTER TABLE `ships` DISABLE KEYS */;
REPLACE INTO `ships` (`ship_id`, `ship_name`, `ship_type_id`, `ship_shortcomment`, `ship_longcomment`, `ship_costs_metal`, `ship_costs_crystal`, `ship_costs_fuel`, `ship_costs_plastic`, `ship_costs_food`, `ship_costs_power`, `ship_power_use`, `ship_fuel_use`, `ship_fuel_use_launch`, `ship_fuel_use_landing`, `ship_prod_power`, `ship_capacity`, `ship_people_capacity`, `ship_pilots`, `ship_speed`, `ship_time2start`, `ship_time2land`, `ship_show`, `ship_buildable`, `ship_order`, `ship_actions`, `ship_bounty_bonus`, `ship_heal`, `ship_structure`, `ship_shield`, `ship_weapon`, `ship_race_id`, `ship_launchable`, `ship_fieldsprovide`, `ship_cat_id`, `ship_fakeable`, `special_ship`, `ship_max_count`, `special_ship_max_level`, `special_ship_need_exp`, `special_ship_exp_factor`, `special_ship_bonus_weapon`, `special_ship_bonus_structure`, `special_ship_bonus_shield`, `special_ship_bonus_heal`, `special_ship_bonus_capacity`, `special_ship_bonus_speed`, `special_ship_bonus_pilots`, `special_ship_bonus_tarn`, `special_ship_bonus_antrax`, `special_ship_bonus_forsteal`, `special_ship_bonus_build_destroy`, `special_ship_bonus_antrax_food`, `special_ship_bonus_deactivade`, `special_ship_bonus_readiness`, `ship_points`, `ship_alliance_shipyard_level`, `ship_alliance_costs`) VALUES
	(1, 'UNUKALHAI Transportschiff', 1, 'Dies ist ein grosses Transportschiff, dessen riesige Lagerräume alle Arten von Waren aufnehmen können. ', 'Nachdem die Algol Transportschiffe sich mit einem ungeahnten Erfolg im ganzen Universum verbreitet hatten, wurde das Unukalhai Transportschiff konzipiert, welches eine grössere Lagerkapzität aufweist. Da man die Konvois mit Antares schützte, war auch für die Unukalhais keine grössere Bewaffnung nötig; man konzentrierte sich ausserdem vor allem auch auf die grössere Sicherheit für die Navigationssysteme, weil diese bei den Algols viel wegen kosmischer Strahlung ausgefallen sind.', 6000, 1400, 0, 2100, 0, 0, 0, 23, 35, 5, 0, 65000, 0, 1, 2850, 600, 300, 1, 1, 0, 'transport,fetch,position,attack,flight,support,alliance', 0.25, 0, 400, 100, 27, 0, 1, 0, 2, 0, 0, 0, 0, 0, 1.00, 0.00, 0.00, 0.00, 0.00, 0.00, 0.00, 0.00, 0.00, 0.00, 0.00, 0.00, 0.00, 0.00, 0.00, 9.500, 0, 0),
	(2, 'ANTARES Jäger', 1, 'Kleines Kampfschiff, ideal für die Begleitung kleinerer Konvois. Auch geeignet für Raubzüge und Übergriffe auf schwach befestigte Planeten.', 'Der Antares Jäger wurde als erster kampftauglicher Jäger hergestellt, um die Rohstoffkonvois vor Piraten zu schützen. Sie eignen sich zu Beginn als Begleitschutz, aber ihre Technologie ist nicht sehr weit entwickelt, deshalb sind die Herstellungskosten im Vergleich mit ihrer Leistung relativ hoch. Die Antares wurden nicht für grössere Angriffe auf befestigte Planeten konzipiert, auch deshalb werden sie von den wenigsten Armeen in grösseren Mengen genutzt.', 750, 575, 50, 420, 0, 0, 0, 3, 2, 1, 0, 500, 0, 1, 700, 180, 180, 1, 1, 0, 'transport,position,attack,flight,support,alliance', 0.25, 0, 330, 60, 153, 0, 1, 0, 1, 1, 0, 0, 0, 0, 1.00, 0.00, 0.00, 0.00, 0.00, 0.00, 0.00, 0.00, 0.00, 0.00, 0.00, 0.00, 0.00, 0.00, 0.00, 1.795, 0, 0),
	(3, 'ZAVIJAH Spionagesonde', 1, 'Diese Sonde erkundet fremde Planeten und sendet die Daten an dein Kontrollzentrum zurück.', 'Nachdem die Raumpiraten wegen den schnell konstruierten planetaren Verteidigungsanlagen nicht mehr jedes System gefahrlos ausrauben konnten, erfanden sie dieses kleine, nützliche Schiff. Es kann wegen seiner Grösse praktisch unbemerkt in Frage kommende Planeten ausspionieren und detaillierte Informationen über die stationierte Flotte liefern. Dank seiner Geschwindigkeit wird es dabei äusserst selten abgeschossen. Um diese Geschwindigkeit erreichen zu können, müssen sie sehr leicht gebaut sein und können keine Bewaffnung tragen. Ausserdem haben sie einen sehr kleinen Laderaum und können deshalb nur über kürzere Distanzen verwendet werden.', 100, 300, 0, 80, 0, 0, 0, 1, 1, 0, 0, 150, 0, 0, 25000, 2, 1, 1, 1, 9, 'position,spy,flight,support', 0.25, 0, 10, 1, 1, 0, 1, 0, 1, 0, 0, 0, 0, 0, 1.00, 0.00, 0.00, 0.00, 0.00, 0.00, 0.00, 0.00, 0.00, 0.00, 0.00, 0.00, 0.00, 0.00, 0.00, 0.480, 0, 0),
	(4, 'TAURUS Besiedlungsschiff', 1, 'Das TAURUS Besiedlungsschiff ist ein Schiff, mit dem andere Planeten besiedelt werden können. Es kann Rohstoffe und Passagiere aufnehmen, ist aber auch dementsprechend langsam.', 'Sobald auf dem Heimatplaneten die grundlegende Infrastruktur aufgebaut war, waren die Herrscher mit nur einem Planeten nicht mehr zufrieden. Also baute man die Taurus Besiedlungsschiffe, die andere Planeten für das eigene Imperium annektieren können. Da sie die ganze Lebenserhaltung für die Kolonialisten in einer lebensfeindlichen Umwelt gewährleisten müssen, gestaltet sich ihre Herstellung als langwierig und teuer, und das Schiff kann wegen seiner Masse nur langsam bewegt werden.', 8000, 10500, 1200, 5000, 0, 0, 0, 7, 8, 3, 0, 10000, 0, 5, 750, 600, 660, 1, 1, 8, 'transport,position,attack,colonize,flight,support,alliance', 0.25, 0, 1000, 500, 100, 0, 1, 0, 2, 0, 0, 0, 0, 0, 1.00, 0.00, 0.00, 0.00, 0.00, 0.00, 0.00, 0.00, 0.00, 0.00, 0.00, 0.00, 0.00, 0.00, 0.00, 24.700, 0, 0),
	(6, 'HADAR Schlachtschiff', 1, 'Das HADAR-Schlachtschiff ist ein gut gepanzertes und stark bewaffnetes Kriegsschiff. Mit ihm können auch grössere Verteidigungsstellungen ausgeschaltet, oder die eigenen Planeten vor Angriffen geschützt werden.', 'Nachdem jede noch so kleine Nation eine Verteidigung errichtet hatte, welche mit Antares ohne tragbare Verluste nicht geknackt werden konnte, entschlossen sich die grösseren Nationen, ein neues Kampfschiff zu konstruieren. Man nahm den Rumpf eines Besiedlungsschiffes, baute Waffen und eine Panzerung ein, und das Hadar Schlachtschiff war geboren.', 50000, 31500, 19500, 12500, 0, 0, 0, 4, 5, 40, 0, 8500, 0, 4, 4000, 900, 300, 1, 1, 3, 'transport,position,attack,flight,support,alliance', 0.25, 0, 28200, 7100, 11700, 0, 1, 0, 1, 1, 0, 0, 0, 0, 1.00, 0.00, 0.00, 0.00, 0.00, 0.00, 0.00, 0.00, 0.00, 0.00, 0.00, 0.00, 0.00, 0.00, 0.00, 113.500, 0, 0),
	(7, 'POLLUX Bomber', 1, 'Dieses Raumschiff ist sehr effektiv gegen gegnerische Verteidigungsanlagen.', 'Trotz allen Erfolgen, die die Hadar Schlachtschiffe bei der Zerstörung gegnerischer Flotten und Verteidigung erzielten, war man damit noch nicht zufrieden. Deshalb konstruierte man ein neues, bis an die Zähne bewaffnetes Schiff, den Pollux Bomber. Nachdem man das Schiff mit Waffen beladen hatte, erwies es sich, dass deshalb die Angriffsgeschwindigkeit eingeschränkt wurde. Wegen diesem Nachteil konnte der Bomber sich in grossen Flotten nicht etablieren, er ist aber trotzdem in allem eine nicht zu unterschätzende Waffe, welche grosse Zerstörung anrichten kann.', 9700, 21000, 11500, 8500, 0, 0, 0, 2, 25, 5, 0, 2000, 0, 2, 2800, 720, 300, 1, 1, 4, 'transport,position,attack,flight,support,alliance', 0.25, 0, 2600, 500, 16200, 0, 1, 0, 1, 1, 0, 0, 0, 0, 1.00, 0.00, 0.00, 0.00, 0.00, 0.00, 0.00, 0.00, 0.00, 0.00, 0.00, 0.00, 0.00, 0.00, 0.00, 50.700, 0, 0),
	(8, 'SIRIUS Invasionsschiff', 1, 'Mit Hilfe dieses Raumschiffes können Planeten von anderen Spielern übernommen werden.', 'Es gab einmal ein florierendes Wirtschaftsimperium und die Infrastruktur ihrer Kolonien wurde von den anderen Völkern beneidet. Einer dieser bösen Nachbaren hatte die Idee, dass er so einen Planeten wirklich gut gebrauchen könnte. So wurde unter strengster Geheimhaltung dieses Invasionsschiff gebaut, welches die Planeten anderer Spieler übernehmen kann. Das Schiff hat aber nicht die grössten Erfolgschancen und es kann keine Hauptplaneten übernehmen. Trotzdem stellt dieses Schiff eine Bedrohung dar, deshalb sollte man seine Planeten nie unbewacht lassen.', 80000, 35000, 55000, 40500, 0, 0, 0, 8, 400, 250, 0, 20000, 0, 20, 1800, 1200, 900, 1, 1, 9, 'transport,position,attack,invade,flight,support,alliance', 0.25, 0, 2000, 3000, 162, 0, 1, 0, 1, 1, 0, 0, 0, 0, 1.00, 0.00, 0.00, 0.00, 0.00, 0.00, 0.00, 0.00, 0.00, 0.00, 0.00, 0.00, 0.00, 0.00, 0.00, 210.500, 0, 0),
	(9, 'ALGOL Transportschiff', 1, 'Dies ist ein kleines Transportschiff, dessen Lagerräume alle Arten von Waren aufnehmen können. ', 'Das Algol Transportschiff war das erste wirkliche Raumschiff, welches in Serienproduktion ging. Man wollte damit vor allem Rohstoffe zu anderen Planeten transportieren, damit man die natürlichen Ressourcen der verschiedenen Planeten besser ausnutzen kann. Deshalb hat man bei der Ausrüstung auf eine Bewaffnung weitestgehend verzichtet. Obwohl Algols mittlerweile veraltet sind, hat man dieses beliebte Schiff immer wieder mit neuen Motoren modifiziert, deshalb sieht man auch heute noch viele Transporter ähnlichen Typs.', 700, 180, 0, 500, 0, 0, 0, 13, 5, 2, 0, 15000, 0, 1, 800, 500, 250, 1, 1, 7, 'transport,fetch,position,attack,flight,support,alliance', 0.25, 0, 50, 50, 9, 0, 1, 0, 2, 0, 0, 0, 0, 0, 1.00, 0.00, 0.00, 0.00, 0.00, 0.00, 0.00, 0.00, 0.00, 0.00, 0.00, 0.00, 0.00, 0.00, 0.00, 1.380, 0, 0),
	(10, 'REGULUS Trümmersammler', 1, 'Mit diesem Schiff können die Trümmer der nach einer Schlacht zerstörten Schiffe eingesammelt und wiederverwendet werden.', 'Nachdem die Piraten durch die Entwicklung der mächtigen Kampfschiffe nicht mehr die unbewaffneten Transportkonvois überfallen konnten, entwickelten sie dieses Schiff, um mit ihm nach den grösseren Schlachten zwischen den kriegslustigen Imperien aufzutauchen, und ihren Lebensunterhalt aus den Überresten der zerstörten Schiffe zu gewinnen. Der Wert dieser Trümmersammler wurde schon bald erkannt, und ab dann führte niemand mehr Krieg, ohne sich nicht die Überreste der Schiffe zurück zu holen, um daraus neue Schiffe zu bauen.', 300, 200, 100, 800, 0, 0, 5, 1, 1, 0, 0, 1500, 0, 2, 600, 600, 200, 1, 1, 10, 'transport,collectdebris,position,attack,flight,support,alliance', 0.25, 0, 80, 120, 2, 0, 1, 0, 1, 0, 0, 0, 0, 0, 1.00, 0.00, 0.00, 0.00, 0.00, 0.00, 0.00, 0.00, 0.00, 0.00, 0.00, 0.00, 0.00, 0.00, 0.00, 1.400, 0, 0),
	(11, 'RIGEL Dreadnought', 1, 'Dieses Schiff ist eine riesige fliegende Festung. ', 'Aus der Erfahrungen, die man mit den Hadar und den Pollux gewonnen hatte, wurde ein neues Superschiff kreiert, der Rigel Dreadnought. Optimierungen in der Herstellung und bei den Antrieben verliehen dem Schiff eine aussergewöhnliche Kampfkraft, Effizienz und Geschwindigkeit zu erstaunlich niedrigen Preisen. Zusätzlich erhöhte man die Transportkapazität, so dass die Rigel eigenständig praktisch aus dem Nichts heraus Raubzüge unternehmen können, ohne sich mit langsamen Transportern zu belasten. ', 3350000, 2975000, 1750000, 750000, 0, 0, 0, 140, 1175, 1700, 0, 600000, 0, 560, 5500, 840, 540, 1, 1, 5, 'transport,position,attack,flight,support,alliance', 0.25, 0, 1000000, 1350000, 1575000, 0, 1, 0, 1, 1, 0, 0, 0, 0, 1.00, 0.00, 0.00, 0.00, 0.00, 0.00, 0.00, 0.00, 0.00, 0.00, 0.00, 0.00, 0.00, 0.00, 0.00, 8825.000, 0, 0),
	(12, 'ELNATH Gassauger', 1, 'Dieses Schiff kann Wasserstoff aus der Atmosphäre von Gasplaneten einsaugen und daraus Tritium gewinnen.', 'Nachdem die Flotten immer grösser wurden, hatte man nicht mehr genug Tritium auf den Planeten zur Verfügung, um sie zu bewegen. Deshalb kam man auf die Idee, Wasserstoff von den unbewohnbaren Gasplaneten abzusaugen und es in Tritium umzuwandeln. Genau dafür wurde dieses Schiff konstruiert. Es wurde schnell klar, dass dieses Saugen äusserst rentabel ist und deshalb wurde der Gassauger soweit verbessert, dass heute eine grössere Flotte ohne ihn praktisch undenkbar ist.', 20000, 7500, 22200, 15000, 0, 0, 0, 28, 80, 65, 0, 15000, 0, 3, 600, 4300, 860, 1, 1, 12, 'transport,position,collectcrystal,collectfuel,flight,support', 0.25, 0, 650, 800, 0, 0, 1, 0, 2, 0, 0, 0, 0, 0, 1.00, 0.00, 0.00, 0.00, 0.00, 0.00, 0.00, 0.00, 0.00, 0.00, 0.00, 0.00, 0.00, 0.00, 0.00, 64.700, 0, 0),
	(13, 'ANDROMEDA Kampfstern', 1, 'Dieses Schiff ist das mächtigste Schiff der Galaxien.', 'Ein verrückter Wissenschaftler war von der Idee besessen, ein Kampfschiff zu bauen, welches so gross wie ein ganzer Trabant wäre. Er wurde so lange ausgelacht, bis er einen anderen Verrückten traf, der zufällig nebenberuflich Imperator war und der ihn unterstützte. Danach wurde Wissenschaftler allgemein als Genius bekannt, welcher die ultimative Waffe erschaffen hatte: den Andromeda Kampfstern. Seine Waffen und Schilder sind bis heute noch unübertroffen!\r\nDer einzige Nachteil dieses monströsen Kampfschiffes ist, dass es wegen seiner Masse lange Start- und Landezeiten hat, und eine zahlreiche Besatzung benötigt wird.', 20000000, 10000000, 12000000, 12000000, 0, 0, 0, 400, 4000, 2000, 0, 6000000, 0, 990, 9000, 1200, 1200, 1, 1, 7, 'transport,position,attack,flight,support,alliance', 0.25, 0, 8500000, 9000000, 8550000, 0, 1, 0, 1, 1, 0, 0, 0, 0, 1.00, 0.00, 0.00, 0.00, 0.00, 0.00, 0.00, 0.00, 0.00, 0.00, 0.00, 0.00, 0.00, 0.00, 0.00, 54000.000, 0, 0),
	(14, 'STARLIGHT Jäger', 1, 'Weiterentwicklung des ANTARES Jäger.', 'Parallel zu den Antares Jägern wurde der STARLIGHT Jäger entwickelt, welcher besser gepanzert war und auch die bessere Bewaffnung aufwies. Er nutzte auch einen neuartigen Antrieb, welcher aber noch nicht ganz serienreif war, da er andauernd ausfiel, und selten wie geplant lief. Nach einigen Untersuchungen fand man heraus, dass dies daran lag, dass beim Bau des Motors billiges Material verwendet wurde. Das stellte den viel gelobten Jäger in ein anderes Licht, aber andererseits erwies er sich in Raumschlachten als zuverlässiger Mitstreiter.', 4900, 3400, 2400, 2100, 0, 0, 0, 1, 3, 3, 0, 800, 0, 1, 1300, 160, 200, 1, 1, 1, 'transport,position,attack,flight,support,alliance', 0.25, 0, 2100, 1100, 1710, 0, 1, 0, 1, 1, 0, 0, 0, 0, 1.00, 0.00, 0.00, 0.00, 0.00, 0.00, 0.00, 0.00, 0.00, 0.00, 0.00, 0.00, 0.00, 0.00, 0.00, 12.800, 0, 0),
	(15, 'ONEFIGHT Kampfdrohne', 1, 'Die Kampfdrohne ist sehr nützlich, um zuerst die gegnerische Flotte zu zerstören und danach mit Transportern die Rohstoffe abzusahnen. Wie der Name schon sagt, sind diese Drohnen Einweg-Sonden; sie werden bei einem Angriff immer verbraucht.', 'Es gab zwei Nachbarn, die lange Zeit friedlich miteinander lebten, aus dem einfachen Grund, dass die Flotten beider Kontrahenten etwa gleich gross war; und niemand den anderen ohne Verluste hätte angreifen können. Das änderte sich, als der erste die Kampfdrohnen entwickelte, ein billiges Schiff, welches aber eine äusserst grosse Kampfkraft aufweist, aber sobald es von einer Waffe getroffen wird, explodiert. Als die Flotte des einen zerstört war, hatte man der Invasion nichts mehr entgegenzusetzen, und jetzt leben sie als eine Rasse wieder friedlich miteinander.', 200, 700, 300, 300, 0, 0, 0, 1, 8, 1, 0, 300, 0, 0, 12000, 40, 60, 1, 1, 2, 'position,attack,flight,support,alliance', 0.25, 0, 0, 0, 585, 0, 1, 0, 1, 1, 0, 0, 0, 0, 1.00, 0.00, 0.00, 0.00, 0.00, 0.00, 0.00, 0.00, 0.00, 0.00, 0.00, 0.00, 0.00, 0.00, 0.00, 1.500, 0, 0),
	(16, 'Handelsschiff', 1, 'Ein Schiff der neutralen Handelsgilde.', 'Ein Schiff der neutralen Handelsgilde. Es wird benutzt um Einkäufe im Markt zu den Käufern zu transportieren.', 0, 0, 0, 0, 0, 0, 0, 0, 0, 0, 0, 100000, 0, 0, 10000, 60, 60, 0, 0, 0, 'market', 0.25, 0, 0, 0, 0, 0, 0, 0, 5, 0, 0, 0, 0, 0, 1.00, 0.00, 0.00, 0.00, 0.00, 0.00, 0.00, 0.00, 0.00, 0.00, 0.00, 0.00, 0.00, 0.00, 0.00, 0.000, 0, 0),
	(17, 'TERRANIA Zerstörer', 1, 'Das Kriegsschiff der Terraner.', 'Eine Weiterentwicklung des Polluxbombers.\r\nSchneller, stärker und besser.', 85000, 40000, 50000, 40000, 0, 0, 0, 6, 55, 45, 0, 50000, 0, 7, 6000, 720, 600, 1, 1, 0, 'transport,position,attack,flight,support,alliance', 0.25, 0, 20000, 20000, 55000, 1, 1, 0, 4, 1, 0, 0, 0, 0, 1.00, 0.00, 0.00, 0.00, 0.00, 0.00, 0.00, 0.00, 0.00, 0.00, 0.00, 0.00, 0.00, 0.00, 0.00, 215.000, 0, 0),
	(18, 'PROMETHEUS Recycler', 1, 'Grosser Recycler.', 'Dieser Recycler wurde nach Prometheus dem Titanen, welcher gegen Zeus rebellierte, und den Menschen das Feuer brachte, benannt, da mit den Rohstoffen, welche die Terraner mit seiner Hilfe gewinnen, deren Flotten gebaut werden. Früher brachte Prometheus ihnen mit dem Feuer die Möglichkeit, eine Kultur zu entwickeln. Heute bringen viele Tausend Prometheus den Menschen mit ihren Rohstoffen die Grundlage, ihre Kultur weiterzuentwickeln.', 10000, 8000, 4000, 25000, 0, 0, 0, 21, 25, 40, 0, 90000, 0, 3, 1500, 360, 182, 1, 1, 0, 'transport,collectdebris,position,attack,flight,support,alliance', 0.25, 0, 800, 1000, 5, 1, 1, 0, 4, 0, 0, 0, 0, 0, 1.00, 0.00, 0.00, 0.00, 0.00, 0.00, 0.00, 0.00, 0.00, 0.00, 0.00, 0.00, 0.00, 0.00, 0.00, 47.000, 0, 0),
	(19, 'GAIA Transporter', 1, 'Beliebtester Bewohnertransporter der Andromedabevölkerung.', 'Als die Planeten wegen Überbevölkerung einen vollständigen Kollaps erlitt, musste sie schleunigst evakuiert werden, und dafür wurde dieser Transporter entwickelt. Die Bewohner wurden zu Zehntausenden bei normalerweise untragbaren Bedingungen in diese Kolosse gesteckt und verfrachtet. Nach dieser Katastrophe etablierte dieser Transporter sich zu einem beliebten Fährschiff, mit welchem die Leute zu den Vergnügungsplaneten flogen, um sich vom täglichen Arbeitsstress zu erholen.', 3500, 1000, 750, 1250, 0, 0, 0, 23, 50, 40, 0, 3000, 10000, 1, 2000, 720, 360, 1, 1, 0, 'transport,fetch,position,attack,flight,support,alliance', 0.25, 0, 750, 300, 50, 0, 1, 0, 2, 0, 0, 0, 0, 0, 1.00, 0.00, 0.00, 0.00, 0.00, 0.00, 0.00, 0.00, 0.00, 0.00, 0.00, 0.00, 0.00, 0.00, 0.00, 6.500, 0, 0),
	(20, 'ANDREIA Bomber', 1, 'Dieser Bomber ermöglicht Angriffe auf Gebäude sowie einen Antraxangriff.', 'Den Andorianer war die Infrastruktur der Gegner ein Dorn im Auge, so erschufen sie einen Bomber, der sogar aus dem Orbit zielgenau Bomben abwerfen kann und somit Gebäude zerstören kann.', 85000, 40000, 50000, 40000, 0, 0, 0, 47, 263, 325, 0, 15000, 0, 25, 1000, 1200, 1320, 1, 1, 0, 'transport,position,attack,bombard,antrax,flight,support,alliance', 0.25, 0, 25000, 9000, 9000, 2, 1, 0, 4, 1, 0, 0, 0, 0, 1.00, 0.00, 0.00, 0.00, 0.00, 0.00, 0.00, 0.00, 0.00, 0.00, 0.00, 0.00, 0.00, 0.00, 0.00, 215.000, 0, 0),
	(21, 'ATLAS Transporter', 1, 'Grosser Transporter', 'Auch die Andorianer entwickelten einen grösseren Transporter, da sie nicht wollten, dass andere Rassen mit ihren Transportern ihre Ressourcen herumschippern konnten und sie von diesen abhängig wären. Die Atlas entwickelten sich zu viel genutzten Transportern im Andorianischen Imperium. Sie erwiesen sich als viel nützlicher, als es sich die Regierungsmitglieder jemals erhofft hätten.', 2000, 2000, 2000, 23000, 0, 0, 0, 18, 50, 5, 0, 325000, 0, 1, 6750, 480, 360, 1, 1, 0, 'transport,fetch,position,attack,flight,support,alliance', 0.25, 0, 300, 500, 27, 2, 1, 0, 7, 0, 0, 0, 0, 0, 1.00, 0.00, 0.00, 0.00, 0.00, 0.00, 0.00, 0.00, 0.00, 0.00, 0.00, 0.00, 0.00, 0.00, 0.00, 29.000, 0, 0),
	(22, 'ZELOS Kreuzer', 1, 'Weiterentwicklung des HADAR Schlachtschiffes.', 'Nachdem sich der Bau von Hadar Schlachtschiffen durchgesetzt hatte, wollten die Andorianer dieses noch übertreffen. So wurde der Zelos Kreuzer entwickelt.\r\nDieses Schiff hat ungeheuer starke Schilde und ist sehr gut für die Verteidigung Planeten geeignet.', 121000, 44000, 50000, 45400, 0, 0, 0, 8, 75, 40, 0, 16000, 0, 10, 4800, 600, 420, 1, 1, 2, 'transport,position,attack,flight,support,alliance', 0.25, 0, 15000, 56500, 45000, 2, 1, 0, 4, 1, 0, 0, 0, 0, 1.00, 0.00, 0.00, 0.00, 0.00, 0.00, 0.00, 0.00, 0.00, 0.00, 0.00, 0.00, 0.00, 0.00, 0.00, 260.400, 0, 0),
	(23, 'CENTAURUS Spioschiff', 1, 'Kann von einem anderen Spieler eine Technologie klauen.', 'Die Centauri waren äusserst stolz darauf, dass sie die höchsten Technologien aller Völker besassen. Entsprechend gross war der Neid, als sie von einem andern Volk in einer von ihnen vernachlässigten Technologie übertrumpft wurden. Also erfanden sie dieses Spionageschiff, mit dessen Hilfe sie den anderen Völkern etwaige höher entwickelte Technologien klauen können.', 85000, 40000, 50000, 40000, 0, 0, 0, 4, 63, 125, 0, 7500, 0, 20, 600, 2905, 2359, 0, 0, 0, 'transport,position,attack,spy,spyattack,flight,support,alliance', 0.25, 0, 3250, 2250, 500, 8, 1, 0, 4, 0, 0, 0, 0, 0, 1.00, 0.00, 0.00, 0.00, 0.00, 0.00, 0.00, 0.00, 0.00, 0.00, 0.00, 0.00, 0.00, 0.00, 0.00, 215.000, 0, 0),
	(24, 'PEGASUS Gassauger', 1, 'Grosser Gassauger der Centauri.', 'Um ihre teuren Forschungen zu betreiben, mussten die Centauri einen neuen Gassauger entwerfen, welcher eine grössere Kapazität hat, da die normalen Sauger die Bedürfnisse ihrer Forschungslabore nicht stillen konnten. Der Pegasus hat  eine wesentlich grössere Saugkapazität als herkömmliche Sauger, und durch seine hoch entwickelten Saugarme hat er die grössere Effizienz. Dies ist die Antwort der Centauri auf Tritiumknappheit.', 130000, 60000, 60000, 100000, 0, 0, 0, 30, 10, 16, 0, 100000, 0, 15, 1000, 3600, 3600, 1, 1, 0, 'transport,position,attack,collectcrystal,collectfuel,flight,support,alliance', 0.25, 0, 4000, 4000, 50, 8, 1, 0, 7, 0, 0, 0, 0, 0, 1.00, 0.00, 0.00, 0.00, 0.00, 0.00, 0.00, 0.00, 0.00, 0.00, 0.00, 0.00, 0.00, 0.00, 0.00, 350.000, 0, 0),
	(25, 'EUROPA Fighter', 1, 'Mittelgrosses, für seine Verhältnisse jedoch sehr starkes Kriegsschiff der Centauri.', 'Die Centauri suchten ihren Vorteil in der Überlegenheit der Technologien, aber als die Rigel die Herrschaft über die Schlachtfelder übernahmen, entwickelten sie ihren eigenen Prototypen, den Europa Fighter. Heutzutage eines der stärksten Raumschiffe der mittleren Kampfklasse. Die Europas sind bei weitem nicht so stark wie Rigel, jedoch haben sie eine sehr kurze Startzeit, was sie sehr gefährlich macht.', 20000, 11000, 18000, 8000, 0, 0, 0, 2, 15, 10, 0, 22000, 0, 3, 5500, 480, 870, 1, 1, 0, 'transport,position,attack,flight,support,alliance', 0.25, 0, 6250, 12500, 6750, 8, 1, 0, 4, 1, 0, 0, 0, 0, 1.00, 0.00, 0.00, 0.00, 0.00, 0.00, 0.00, 0.00, 0.00, 0.00, 0.00, 0.00, 0.00, 0.00, 0.00, 57.000, 0, 0),
	(26, 'VORGONIA Vernichter', 1, 'Sehr grosses Kampfschiff der Vorgonen.', 'Den Vorgonen ging es gehörig gegen den Strich, dass sie nicht mehr als Gefahr angesehen wurden, sobald ihr Feinde auf allen Planeten eine halbwegs vernünftige Verteidigung gebaut hatten. Um sich den verdienten Respekt zurückzuholen, erschufen sie den mächtigen Vorgonia Vernichter, welcher es sogar mit einem Imperialen Kreuzer aufnehmen kann.', 943000, 543000, 570000, 760000, 0, 0, 0, 63, 365, 270, 0, 350000, 0, 115, 4500, 860, 555, 1, 1, 0, 'transport,position,attack,flight,support,alliance', 0.25, 0, 295000, 520000, 409000, 7, 1, 0, 4, 1, 0, 0, 0, 0, 1.00, 0.00, 0.00, 0.00, 0.00, 0.00, 0.00, 0.00, 0.00, 0.00, 0.00, 0.00, 0.00, 0.00, 0.00, 2816.000, 0, 0),
	(27, 'ALAMAK Trümmersammler', 1, 'Trümmersammler der Orioner.', 'Die Orioner konnten selbst durch ihr Wissen, mehr Geschwindigkeit aus ihren Schiffen zu ziehen, nicht vermeiden, dass ihre Trümmersammler stets zu spät nach einem Kampf eintrafen. Um diese Lücke in ihrem System zu korrigieren, erschufen sie den Alamak Trümmersammler, der sich insbesondere für Orioner als eine echte Alternative zu den bestehenden Trümmersammlern bewähren sollte.', 20000, 13000, 10000, 7000, 0, 0, 0, 25, 25, 50, 0, 150000, 0, 10, 2000, 900, 600, 1, 1, 0, 'transport,collectdebris,position,attack,flight,support,alliance', 0.25, 0, 3000, 2000, 20, 4, 1, 0, 4, 0, 0, 0, 0, 0, 1.00, 0.00, 0.00, 0.00, 0.00, 0.00, 0.00, 0.00, 0.00, 0.00, 0.00, 0.00, 0.00, 0.00, 0.00, 50.000, 0, 0),
	(28, 'IKAROS Jäger', 1, 'Schwebt in der Atmosphäre und hat somit keine Start- und Landezeit.', 'Die Vorgonen raubten alle ihre direkten Nachbarn mit Jägern aus, und bald einmal gab es erste Piloten, die gar nie mehr richtig auf dem Heimatplaneten landeten, sondern im Dauereinsatz waren. Dank ihren unerwarteten Raubzügen konnten sie viele Rohstoffe erbeuten. Diese Elitepiloten waren aber bald nicht mehr zufrieden mit den normalen Schiffen, also entwickelten sie ihre Jäger weiter, bis die Ikaros entstanden, die im Orbit des Planeten stationiert sind, so dass sie sofort und ohne Treibstoffverbrauch starten und landen können.', 4000, 2000, 1000, 2000, 0, 0, 0, 1, 0, 0, 0, 20000, 0, 1, 2000, 0, 0, 1, 1, 0, 'transport,position,attack,flight,support,alliance', 0.25, 0, 350, 2750, 1125, 7, 1, 0, 4, 1, 0, 0, 0, 0, 1.00, 0.00, 0.00, 0.00, 0.00, 0.00, 0.00, 0.00, 0.00, 0.00, 0.00, 0.00, 0.00, 0.00, 0.00, 9.000, 0, 0),
	(29, 'MARAUDER Transporter', 1, 'Grosser Transporter', 'Auch die Ferengi sahen sich genötigt, grosse Transporter zu entwickeln, wenn auch nicht aus denselben Gründen wie die anderen Rassen. Die Ferengi hatten wegen ihrer Titanproduktion alle ihre Lager längstens überfüllt und keinen Platz mehr, um grössere zu bauen. Also erschufen sie mit den Marauder Transportern eine Art fliegendes Lager, damit sie ihr Titan im Weltraum zwischenlagern konnten, wo es genug Platz dafür hat.', 23000, 2000, 2000, 2000, 0, 0, 0, 18, 50, 5, 0, 325000, 0, 1, 6750, 480, 360, 1, 1, 0, 'transport,fetch,position,attack,flight,support,alliance', 0.25, 0, 300, 500, 27, 6, 1, 0, 7, 0, 0, 0, 0, 0, 1.00, 0.00, 0.00, 0.00, 0.00, 0.00, 0.00, 0.00, 0.00, 0.00, 0.00, 0.00, 0.00, 0.00, 0.00, 29.000, 0, 0),
	(30, 'BELL Zerstörer', 1, 'Dieses Schiff hat einen riesigen Schutzschildgenerator an Bord.', 'Die Ferengi waren an einem Punkt angelagt, wo sie ihr Titan nicht mehr verbrauchen konnten. Es musste etwas erfunden werden, das mit möglichst viel Titan und wenig Zusatzstoffen gebaut werden konnte. Aus diesem Bedürfnis entstand der Bell Zerstörer.\r\nDieses Schiff hat einen riesigen Schutzschildgenerator an Bord, welcher einen Schutzschild erzeugt, der kaum überwunden werden kann. Aufgrund der Masse des Schiffes, dessen Antrieben und dem eingebauten Generator gehört der Bell Zerstörer nicht zu den schnellsten Schiffen der Galaxien, jedoch zu den Stärksten im Kampf.\r\nEin Nachteil des Bell Zerstörers ist sein immenser Tritiumverbrauch, der aus dem grossen Gewicht und der tiefen Fluggeschwindigkeit resultiert.', 60000, 5000, 21250, 5000, 0, 0, 0, 3, 15, 25, 0, 40000, 0, 5, 4500, 810, 690, 1, 1, 0, 'transport,position,attack,flight,support,alliance', 0.25, 0, 7000, 30000, 5350, 6, 1, 0, 4, 1, 0, 0, 0, 0, 1.00, 0.00, 0.00, 0.00, 0.00, 0.00, 0.00, 0.00, 0.00, 0.00, 0.00, 0.00, 0.00, 0.00, 0.00, 91.250, 0, 0),
	(31, 'RUTICULUS Sammler', 1, 'Allessammler der Ferengi.', 'Den Ferengi war es zu umständlich, Trümmersammler, Asteroidensammler und Gassauger zu haben, also konzipierten sie kurzerhand ein Schiff, welches alles kann. Der Ruticulus Sammler ist deshalb ein äusserst praktisches Schiff, da jeder sie nach seinem Wunsch und entsprechend der jeweiligen Situation anwenden kann.', 12800, 4800, 10000, 8000, 0, 0, 0, 4, 1, 1, 0, 18000, 0, 1, 4500, 2400, 4800, 1, 1, 0, 'transport,position,attack,collectmetal,collectcrystal,flight,support,alliance', 0.25, 0, 50, 2, 0, 6, 1, 0, 7, 0, 0, 0, 0, 0, 1.00, 0.00, 0.00, 0.00, 0.00, 0.00, 0.00, 0.00, 0.00, 0.00, 0.00, 0.00, 0.00, 0.00, 0.00, 35.600, 0, 0),
	(32, 'RIGELIA Bomber', 1, 'Kann ein Gebäude für eine bestimmte Zeit mittels EMP-Technologie ausser Kraft setzten.', 'Der Rigelia Bomber kann mit seinen EMP-Angriffen die feindlichen Gebäude für eine kurze Zeit ausser Kraft setzen, was in einem Krieg schwerwiegende Folgen haben kann. Obwohl der Bomber sehr teuer ist, und von seiner Kampfkraft her gesehen kaum genutzt werden sollte, sind viele Generäle der Meinung, dass seine Bomben genug effektiv sind, so dass man diese Möglichkeit in einem Krieg immer einsetzen sollte.', 85000, 40000, 50000, 40000, 0, 0, 0, 28, 163, 125, 0, 15000, 0, 41, 1000, 1520, 2001, 1, 1, 0, 'transport,position,attack,emp,flight,support,alliance', 0.25, 0, 25000, 6500, 12500, 3, 1, 0, 4, 1, 0, 0, 0, 0, 1.00, 0.00, 0.00, 0.00, 0.00, 0.00, 0.00, 0.00, 0.00, 0.00, 0.00, 0.00, 0.00, 0.00, 0.00, 215.000, 0, 0),
	(33, 'EOS Transporter', 1, 'Grosser Transporter', 'Als die Cardassianer und die Minbari die grossen Transporter entwickelt hatten, konnten die Rigelianer dem nicht nachstehen und fertigten sofort ihre eigene Version eines grossen Transporters an. Vom Prinzip her ist es genau dasselbe Schiff wie der Saiph Transporter der Minbari. Die Rigelianer passten einfach das Design und die Steuergeräte ihren Bedürfnisse an.', 2000, 23000, 2000, 2000, 0, 0, 0, 18, 50, 5, 0, 325000, 0, 1, 6750, 480, 360, 1, 1, 0, 'transport,fetch,position,attack,flight,support,alliance', 0.25, 0, 300, 500, 27, 3, 1, 0, 7, 0, 0, 0, 0, 0, 1.00, 0.00, 0.00, 0.00, 0.00, 0.00, 0.00, 0.00, 0.00, 0.00, 0.00, 0.00, 0.00, 0.00, 0.00, 29.000, 0, 0),
	(34, 'HELIOS Drohne', 1, 'Weiterentwicklung der Onefight Kampfdrohne. Rassenschiff der Rigelianer.', 'Die Rigelianer waren von den Onefight Kampfdrohnen begeistert. Sie steckten deshalb ihre ganzen Forschungsmittel in deren Weiterentwicklung. So entstand die Helios Drohne: Diese Drohne ist noch effizienter als die Onefight und kann in genügend grosser Anzahl den Gegner empfindlich treffen. Ausserdem können die Helios im Gegensatz zu den Onefights einen Kampf auch überleben.\r\nDie Helios sind überall wegen ihrer Kampfkraft gefürchtet, und da sie auf dem Standardantrieb der Drohnen aufbauen, haben sie auch eine hohe Geschwindigkeit, weshalb man sich nie vor einem Angriff sicher fühlen kann.', 2500, 6200, 2000, 2300, 0, 0, 0, 1, 3, 3, 0, 500, 0, 0, 12000, 120, 180, 1, 1, 0, 'position,attack,flight,support,alliance', 0.25, 0, 1, 0, 5400, 3, 1, 0, 4, 1, 0, 0, 0, 0, 1.00, 0.00, 0.00, 0.00, 0.00, 0.00, 0.00, 0.00, 0.00, 0.00, 0.00, 0.00, 0.00, 0.00, 0.00, 13.000, 0, 0),
	(36, 'CARDASSIA Mutterschiff', 1, 'Heilt während dem Kampf eine gewisse Anzahl Schild- und Strukturpunkte.', 'Nachdem die Cardassianer mit ihren Nilams die ganze Galaxie in Angst und Schrecken versetzt hatten, schlossen sich alle anderen Rassen zu einem Bund zusammen, um die Cardassianer zu vernichten. Trotzdem hatten sie nicht mit dem neuen Geniestreich der Cardassianer gerechnet: Den Mutterschiffen. Mit diesem hoch entwickelten Raumschiff können die Cardassianer ihre Flotte während dem Kampf reparieren, um so Verluste auszugleichen. Nur dank der Hilfe dieses Schiffes konnten die Cardassianer den immerwährenden Angriffen standhalten.', 42000, 27500, 16500, 16000, 0, 0, 0, 3, 35, 5, 0, 1500, 0, 5, 5000, 726, 594, 1, 1, 0, 'transport,position,attack,flight,support,alliance', 0.25, 16000, 10000, 6000, 113, 9, 1, 0, 4, 1, 0, 0, 0, 0, 1.00, 0.00, 0.00, 0.00, 0.00, 0.00, 0.00, 0.00, 0.00, 0.00, 0.00, 0.00, 0.00, 0.00, 0.00, 102.000, 0, 0),
	(37, 'DEMETER Transporter', 1, 'Grosser Transporter', 'Die Cardassianer waren allgemein wegen ihren vielen Rohstoffen beneidet, vor allem wegen ihrer Nahrung, die sie wie keine anderen herstellen können. Um sich vor Übergriffen zu schützen und um ihre Gegner im Unklaren über ihre wahren Rohstoffmengen zu lassen, entwickelten sie diese Transporter, welche mit den Rohstoffen irgendwo in der Ewigkeit des Alls herumfliegen, damit sie nicht gefunden werden. Die Cardassianer sind die einzigen, deren Organisation solch perfekte Nachschublinien zustande bringt.', 23000, 8300, 1200, 1500, 0, 0, 0, 5, 50, 5, 0, 375000, 0, 1, 5250, 585, 395, 1, 1, 0, 'transport,fetch,position,attack,flight,support,alliance', 0.25, 0, 300, 500, 27, 9, 1, 0, 7, 0, 0, 0, 0, 0, 1.00, 0.00, 0.00, 0.00, 0.00, 0.00, 0.00, 0.00, 0.00, 0.00, 0.00, 0.00, 0.00, 0.00, 0.00, 34.000, 0, 0),
	(38, 'NILAM Fighter', 1, 'Ein starkes Kampfschiff aus der Mittelschweren Klasse, entwickelt von den Cardassianern.', 'Den Cardassianern waren Starlights von Anfang an zu langsam und Drohnen zu schwach. So erfanden sie die Nilam, welche sie zu gefürchteten Jägern entwickelten, da sie spezielle Antriebe haben, die ausserordentlich schnell sind. Die Cardassianer benutzen die Jäger vor allem, um ihre Militärdiktatur aufrechtzuerhalten. Sie wollen schnell reagieren und überall bereitstehen können. Dafür eignen sich die Nilams am besten. Sie kommen aus dem Nichts und verschwinden sofort wieder, nachdem sie die Schlacht gewonnen haben.', 7150, 4000, 2000, 3000, 0, 0, 0, 1, 3, 3, 0, 5000, 0, 1, 5500, 600, 360, 1, 1, 0, 'transport,position,attack,flight,support,alliance', 0.25, 0, 2900, 2000, 2250, 9, 1, 0, 4, 1, 0, 0, 0, 0, 1.00, 0.00, 0.00, 0.00, 0.00, 0.00, 0.00, 0.00, 0.00, 0.00, 0.00, 0.00, 0.00, 0.00, 0.00, 16.150, 0, 0),
	(40, 'SERA Kreuzer', 1, 'Dieses Schiff kann dem Angegriffen eine Flotte vortäuschen, die gar nicht vorhanden ist.', 'Den Rassen Andromedas gefiel es nicht, dass sich die Feinde auf ihre Angriffe vorbereiten konnten. Die Lösung fanden sie in der Konstruktion vom Sera Kreuzer. Dieser hat die Fähigkeit, Hologramme anderer Schiffe zu erstellen und dem Gegner damit eine grosse angreifende Flotte vortäuschen. Ziel ist es, schwächere Flotten zu vertreiben, so dass die Rohstoffe ungeschützt rumliegen.', 700, 180, 200, 500, 0, 0, 0, 3, 5, 3, 0, 6000, 0, 2, 8500, 640, 156, 1, 1, 0, 'transport,position,attack,fakeattack,flight,support,alliance', 0.25, 0, 150, 250, 1, 0, 1, 0, 1, 0, 0, 0, 0, 0, 1.00, 0.00, 0.00, 0.00, 0.00, 0.00, 0.00, 0.00, 0.00, 0.00, 0.00, 0.00, 0.00, 0.00, 0.00, 1.580, 0, 0),
	(41, 'HYPOS Drohne', 1, 'Kann ein Trümmerfeld beim Gegner erstellen, ohne dass dieser etwas merkt.', 'Die Hypos Drohne wurde entwickelt, damit kein Angriff mehr für ein Trümmerfeld notwendig war. Deshalb werden diese Drohnen vor grossen Schlachten losgeschickt, um beim Gegner ein klitzekleines Trümmerfeld zu erstellen. Damit konnte den Navigationscomputern der Sammler ein gültiges Ziel zugewiesen werden. Zu diesem Zweck muss sich die Drohne beim Gegner in die Luft sprengen, was selten für mehr als eine Sternschnuppe wahrgenommen wird.', 500, 300, 50, 200, 0, 0, 0, 1, 5, 5, 0, 300, 0, 0, 30000, 1, 1, 1, 1, 0, 'position,attack,createdebris,flight,support,alliance', 0.25, 0, 10, 0, 1, 0, 1, 0, 1, 0, 0, 0, 0, 0, 1.00, 0.00, 0.00, 0.00, 0.00, 0.00, 0.00, 0.00, 0.00, 0.00, 0.00, 0.00, 0.00, 0.00, 0.00, 1.050, 0, 0),
	(42, 'MINBARI Jäger', 1, 'Wenn er alleine in oder in einem Flottenverband aus lauter Minbari Jägern fliegt, ist er für die gegnerische Flottenkontrolle nicht sichtbar.', 'Die Minbari sahen es gar nicht gerne, als man ihre Flotten schon im Anflug entdeckte und eine entsprechende Verteidigung bereitstellte. Deshalb liessen sie die besten Köpfe der Galaxie zusammenkommen, um dieses Schiff zu entwickeln, welches durch seine perfekte Tarnung erst im allerletzten Moment entdeckt werden kann. Und dann ist es bereits zu spät...', 20500, 13500, 13500, 10000, 0, 0, 0, 2, 25, 5, 0, 15000, 0, 3, 6000, 1200, 300, 1, 1, 0, 'transport,position,attack,stealthattack,flight,support,alliance', 0.25, 0, 12000, 4500, 5500, 5, 1, 0, 4, 1, 0, 0, 0, 0, 1.00, 0.00, 0.00, 0.00, 0.00, 0.00, 0.00, 0.00, 0.00, 0.00, 0.00, 0.00, 0.00, 0.00, 0.00, 57.500, 0, 0),
	(43, 'SAIPH Transporter', 1, 'Grosser Transporter der Minbari.', 'Die Minbari entwickelten diese grossen Transporter, um ihren steigenden Rohstofftransport-Bedürfnissen nachzukommen. Die Rohstoffmengen stiegen immer weiter an, und irgendwann war auch die Kapazität der Unukalhai ausgeschöpft. Nun musste eine neue Lösung gefunden werden, und die Ingenieure der Minbari entwickelten diesen grossen Transporter.', 2000, 2000, 23000, 2000, 0, 0, 0, 18, 50, 5, 0, 325000, 0, 1, 6750, 480, 360, 1, 1, 0, 'transport,fetch,position,attack,flight,support,alliance', 0.25, 0, 300, 500, 27, 5, 1, 0, 7, 0, 0, 0, 0, 0, 1.00, 0.00, 0.00, 0.00, 0.00, 0.00, 0.00, 0.00, 0.00, 0.00, 0.00, 0.00, 0.00, 0.00, 0.00, 29.000, 0, 0),
	(44, 'WEZEA Fighter', 1, 'Kampfschiff der Minbari.', 'Die Minbari liebten es seit eh und je, über die Gasplaneten zu fliegen, da sie von den unbeschreiblich schönen Polarlichtern fasziniert sind, welche man dort beobachten kann. \r\nEs ist ihnen sogar gelungen, den neuartigen Solarantrieb zu integrieren. Damit verbraucht der WEZEA Fighter nur Tritium für den Start und die Landung.', 2800, 1400, 1800, 1600, 0, 0, 0, 0, 1, 1, 0, 2500, 0, 1, 2500, 600, 360, 1, 1, 0, 'transport,position,attack,flight,support,alliance', 0.25, 0, 1450, 700, 1144, 5, 1, 0, 4, 1, 0, 0, 0, 0, 1.00, 0.00, 0.00, 0.00, 0.00, 0.00, 0.00, 0.00, 0.00, 0.00, 0.00, 0.00, 0.00, 0.00, 0.00, 7.600, 0, 0),
	(45, 'ORION Fighter', 1, 'Kampfschiff der Mittelschweren Klasse, entworfen von den Orionern. Kann 50% mehr Rohstoffe von einem fremden Planeten mitnehmen als alle anderen Schiffe.', 'Den Orionern war die Menge, welche sie normalerweise mit ihren Schiffen von gegnerischen Planeten erbeuten konnten, viel zu wenig. Der Orion Fighter ist ihre Antwort auf dieses Problem. Ein starkes Raumschiff, welches so konzipiert ist, dass es 50% mehr Rohstoffe als Beute mitnehmen kann als alle anderen Schiffe. Zusätzlich hat der Orion schlagkräftige Waffen, was den Fighter zum optimalen Schiff für Piraterie macht.', 35000, 10500, 12500, 5500, 0, 0, 0, 2, 25, 8, 0, 17500, 0, 3, 6500, 600, 420, 1, 1, 0, 'transport,position,attack,flight,support,alliance', 0.38, 0, 7500, 7000, 12600, 4, 1, 0, 4, 1, 0, 0, 0, 0, 1.00, 0.00, 0.00, 0.00, 0.00, 0.00, 0.00, 0.00, 0.00, 0.00, 0.00, 0.00, 0.00, 0.00, 0.00, 63.500, 0, 0),
	(46, 'FORNAX Asteroidensammler', 1, 'Kann Asteroidenfelder anfliegen und dort Rohstoffe sammeln.', 'Da die Gassauger grossen Erfolg hatten, dachte man, dass man das auch mit Asteroidenfeldern versuchen könne, so dass man auch die anderen Rohstoffe aus dem Weltraum gewinnen konnte. Leider war die praktische Umsetzung schwieriger, da eine sichere  Navigation innerhalb der Asteroidenfelder sich als praktisch unmöglich erwies. Deshalb ist dieses Konzept fehlgeschlagen, da die Sammler schneller von Asteroiden getroffen werden, als dass sie genug Rohstoffe holen können, um ihre Herstellungskosten zurückzugewinnen.', 15000, 5000, 25000, 9000, 0, 0, 0, 33, 50, 60, 0, 17500, 0, 8, 1500, 4350, 1050, 1, 1, 11, 'transport,position,attack,collectmetal,flight,support,alliance', 0.25, 0, 250, 1000, 50, 0, 1, 0, 2, 0, 0, 0, 0, 0, 1.00, 0.00, 0.00, 0.00, 0.00, 0.00, 0.00, 0.00, 0.00, 0.00, 0.00, 0.00, 0.00, 0.00, 0.00, 54.000, 0, 0),
	(47, 'TITAN Transporter', 1, 'Dies ist ein relativ billiger und sehr schneller, grosser Transporter.', 'Dies ist ein relativ billiger und sehr schneller, grosser Transporter, allerdings zeigt sich der Preis in seiner Qualität. Er ist sehr schwach. Dieser Transporter setzt auf den Solarantrieb, wodurch er durch ein Sonnensegel unglaublich schnell ohne Treibstoffverbrauch fliegen kann.', 14000, 4000, 1500, 3000, 0, 0, 0, 0, 250, 300, 0, 190000, 0, 2, 5200, 550, 460, 1, 1, 5, 'transport,fetch,position,attack,flight,support,alliance', 0.25, 0, 50, 20, 1, 0, 1, 0, 2, 0, 0, 0, 0, 0, 1.00, 0.00, 0.00, 0.00, 0.00, 0.00, 0.00, 0.00, 0.00, 0.00, 0.00, 0.00, 0.00, 0.00, 0.00, 22.500, 0, 0),
	(50, 'ASTERIO Sammler', 1, 'Das effizienteste Asteroidensammlerschiff in ganz Andromeda.', 'Auch wenn die Fornax Asteroidensammler mehr oder weniger erfolglos waren, hiess das noch lange nicht, dass das Konzept unbrauchbar war. Es wurde weiterentwickelt und so entstand der Asterio Sammler, welcher zwar eine kleinere Ladefläche als der Fornax aufweist, dafür aber wesentlich schneller unterwegs\r\nist. Bis jetzt ist es das effizienteste Asteroidensammelschiff in ganz Andromeda.\r\nDieses Schiff ist auch dazu geeignet, um Trümmerfelder anzusteuern und diese zu recyclen.', 3200, 1200, 2500, 2000, 0, 0, 0, 4, 1, 1, 0, 11000, 0, 1, 4500, 3230, 560, 0, 0, 3, 'transport,collectdebris,position,attack,collectmetal,flight,support,alliance', 0.25, 0, 50, 2, 0, 0, 1, 0, 2, 0, 0, 0, 0, 0, 1.00, 0.00, 0.00, 0.00, 0.00, 0.00, 0.00, 0.00, 0.00, 0.00, 0.00, 0.00, 0.00, 0.00, 0.00, 8.900, 0, 0),
	(51, 'HAARP Spionagesonde', 1, 'Diese Sonde ist die Weiterentwicklung der ZAVIJAH Spionagesonde.', 'Diese Sonde ist die Weiterentwicklung der ZAVIJAH Spionagesonde. Sie ist enorm schnell und gut geeignet zum Ausräumen verteidigungsloser Planeten sowie zum Ausspionieren weit entfernter Galaxien. ', 1000, 1000, 1000, 500, 0, 0, 0, 0, 1, 0, 0, 5, 0, 0, 60000, 5, 4, 1, 1, 4, 'position,attack,spy,flight,support,alliance', 0.25, 0, 0, 1, 0, 0, 1, 0, 1, 0, 0, 0, 0, 0, 1.00, 0.00, 0.00, 0.00, 0.00, 0.00, 0.00, 0.00, 0.00, 0.00, 0.00, 0.00, 0.00, 0.00, 0.00, 3.500, 0, 0),
	(52, 'AURORA Sonde', 1, 'Diese Sonde wurde entwickelt, da viele schnelle Schiffe nicht genug Treibstoff für lange Strecken mitnehmen konnten.', 'Diese Sonde wurde entwickelt, da viele schnelle Schiffe nicht genug Treibstoff für lange Strecken mitnehmen konnten. Deshalb hat diese sehr schwache und teure Sonde einen riesigen Laderaum, in dem sie den Treibstoff für die mitfliegenden Schiffe bereit halten kann. \r\n\r\nSie wird bei einem Kampf sehr schnell zerstört, da sie praktisch nur aus dünnbeschichteten Tanks & den notwendigen Antrieb besteht.', 20000, 18000, 10000, 9000, 0, 0, 0, 8, 5, 3, 0, 60000, 0, 0, 30000, 20, 15, 1, 1, 2, 'transport,fetch,position,attack,flight,support,alliance', 0.25, 0, 1, 1, 1, 0, 1, 0, 2, 0, 0, 0, 0, 0, 1.00, 0.00, 0.00, 0.00, 0.00, 0.00, 0.00, 0.00, 0.00, 0.00, 0.00, 0.00, 0.00, 0.00, 0.00, 57.000, 0, 0),
	(53, 'IMPERIALER Kreuzer', 1, 'Dies ist eines der grössten Schiffe in Andromeda.', 'Dies ist eines der grössten Schiffe in Andromeda. Es ist enorm stark gepanzert, hat allerdings einen relativ schwachen Schild. Seine Waffen sind aber nicht zu verachten. Es ist das grösste Schiff mit einem Sonnensegel zur Antriebsunterstützung.', 750000, 600000, 415000, 365000, 0, 0, 0, 23, 395, 280, 0, 230000, 0, 35, 5000, 1020, 600, 1, 1, 6, 'transport,position,attack,flight,support,alliance', 0.25, 0, 355000, 85000, 451500, 0, 1, 0, 1, 1, 0, 0, 0, 0, 1.00, 0.00, 0.00, 0.00, 0.00, 0.00, 0.00, 0.00, 0.00, 0.00, 0.00, 0.00, 0.00, 0.00, 0.00, 2130.000, 0, 0),
	(54, 'Alien-Jäger', 1, 'Niemand weis genaueres über diese Alien-Raumschiffe, nur dass sie extrem gefährlich sind.', 'Niemand weis genaueres über diese Alien-Raumschiffe, nur dass sie extrem gefährlich sind.', 99999999, 99999999, 99999999, 99999999, 99999999, 0, 0, 1, 0, 0, 0, 1000, 0, 1, 5000, 0, 0, 0, 0, 0, 'flight', 0.25, 0, 500, 700, 50, 0, 1, 0, 5, 0, 0, 0, 0, 0, 1.00, 0.00, 0.00, 0.00, 0.00, 0.00, 0.00, 0.00, 0.00, 0.00, 0.00, 0.00, 0.00, 0.00, 0.00, 499999.995, 0, 0),
	(55, 'Alien-Kampschiff', 1, 'Niemand weis genaueres über diese Alien-Raumschiffe, nur dass sie extrem gefährlich sind.', 'Niemand weis genaueres über diese Alien-Raumschiffe, nur dass sie extrem gefährlich sind.', 99999999, 99999999, 99999999, 99999999, 99999999, 0, 0, 1, 0, 0, 0, 5000, 0, 1, 5000, 0, 0, 0, 0, 0, 'flight', 0.25, 0, 5000, 7000, 500, 0, 1, 0, 5, 0, 0, 0, 0, 0, 1.00, 0.00, 0.00, 0.00, 0.00, 0.00, 0.00, 0.00, 0.00, 0.00, 0.00, 0.00, 0.00, 0.00, 0.00, 499999.995, 0, 0),
	(56, 'Alien-Mutterschiff', 1, 'Niemand weis genaueres über diese Alien-Raumschiffe, nur dass sie extrem gefährlich sind.', 'Niemand weis genaueres über diese Alien-Raumschiffe, nur dass sie extrem gefährlich sind.', 99999999, 99999999, 99999999, 99999999, 99999999, 0, 0, 1, 0, 0, 0, 10000, 0, 1, 5000, 0, 0, 0, 0, 0, 'flight', 0.25, 0, 50000, 70000, 5000, 0, 1, 0, 5, 0, 0, 0, 0, 0, 1.00, 0.00, 0.00, 0.00, 0.00, 0.00, 0.00, 0.00, 0.00, 0.00, 0.00, 0.00, 0.00, 0.00, 0.00, 499999.995, 0, 0),
	(57, 'ANDROMEDA Mysticum', 1, 'Ein einmaliges Schiff mit speziellen Fähigkeiten.', 'Ein einmaliges Schiff mit speziellen Fähigkeiten.', 58000, 67000, 43600, 37500, 0, 0, 0, 0, 0, 0, 0, 0, 0, 10, 30000, 0, 0, 0, 1, 0, 'position,flight', 0.25, 0, 5000, 5000, 0, 0, 1, 0, 3, 0, 1, 1, 0, 350, 2.00, 0.03, 0.03, 0.03, 0.00, 0.03, 0.00, 0.10, 0.00, 0.00, 0.00, 0.00, 0.00, 0.00, 0.00, 206.100, 0, 0),
	(59, 'MINBARI Mysticum', 1, 'Das Spezialschiff für die Minbari.', 'Das Spezialschiff für die Minbari.', 670000, 500000, 350000, 480000, 100000, 0, 0, 0, 0, 0, 0, 0, 0, 30, 30000, 0, 0, 0, 1, 0, 'position,flight', 0.25, 0, 110000, 86000, 0, 5, 1, 0, 3, 0, 1, 1, 0, 180, 1.70, 0.01, 0.02, 0.01, 0.00, 0.00, 0.00, 0.05, 0.05, 0.00, 0.00, 0.00, 0.00, 0.00, 0.00, 2100.000, 0, 0),
	(60, 'ANDORIA Mysticum', 1, 'Das Spezialschiff für die Andorianer.', 'Das Spezialschiff für die Andorianer.', 670000, 500000, 350000, 480000, 100000, 0, 0, 0, 0, 0, 0, 0, 0, 30, 30000, 0, 0, 0, 1, 0, 'position,flight', 0.25, 0, 110000, 86000, 0, 2, 1, 0, 3, 0, 1, 1, 0, 180, 1.70, 0.02, 0.02, 0.02, 0.00, 0.00, 0.10, 0.05, 0.00, 0.00, 0.00, 0.00, 0.00, 0.00, 0.00, 2100.000, 0, 0),
	(61, 'CARDASSIA Mysticum', 1, 'Das Spezialschiff für die Cardassianer.', 'Das Spezialschiff für die Cardassianer.', 670000, 500000, 350000, 480000, 100000, 0, 0, 0, 0, 0, 0, 0, 0, 30, 30000, 0, 0, 0, 1, 0, 'position,flight', 0.25, 0, 110000, 86000, 0, 9, 1, 0, 3, 0, 1, 1, 0, 180, 1.70, 0.02, 0.02, 0.02, 0.04, 0.00, 0.00, 0.06, 0.00, 0.00, 0.00, 0.00, 0.00, 0.00, 0.00, 2100.000, 0, 0),
	(62, 'CENTAURI Mysticum', 1, 'Das Spezialschiff für die Centauri.', 'Das Spezialschiff für die Centauri.', 670000, 500000, 350000, 480000, 100000, 0, 0, 0, 0, 0, 0, 0, 0, 30, 30000, 0, 0, 0, 1, 0, 'position,flight', 0.25, 0, 110000, 86000, 0, 8, 1, 0, 3, 0, 1, 1, 0, 180, 1.70, 0.02, 0.02, 0.02, 0.00, 0.10, 0.00, 0.05, 0.00, 0.00, 0.00, 0.00, 0.00, 0.00, 0.00, 2100.000, 0, 0),
	(63, 'FERENGI Mysticum', 1, 'Das Spezialschiff für die Ferengi.', 'Das Spezialschiff für die Ferengi.', 670000, 500000, 350000, 480000, 100000, 0, 0, 0, 0, 0, 0, 0, 0, 30, 30000, 0, 0, 0, 1, 0, 'position,flight', 0.25, 0, 110000, 86000, 0, 6, 1, 0, 3, 0, 1, 1, 0, 180, 1.70, 0.01, 0.02, 0.04, 0.00, 0.07, 0.00, 0.05, 0.00, 0.00, 0.00, 0.00, 0.00, 0.00, 0.00, 2100.000, 0, 0),
	(64, 'ORION Mysticum', 1, 'Das Spezialschiff für den Orioner.', 'Das Spezialschiff für den Orioner.', 670000, 500000, 350000, 480000, 100000, 0, 0, 0, 0, 0, 0, 0, 0, 30, 30000, 0, 0, 0, 1, 0, 'position,flight', 0.25, 0, 110000, 86000, 0, 4, 1, 0, 3, 0, 1, 1, 0, 180, 1.70, 0.02, 0.01, 0.01, 0.00, 0.00, 0.20, 0.05, 0.00, 0.00, 0.00, 0.00, 0.00, 0.00, 0.00, 2100.000, 0, 0),
	(65, 'RIGELIA Mysticum', 1, 'Das Spezialschiff für die Rigelianer.', 'Das Spezialschiff für die Rigelianer.', 670000, 500000, 350000, 480000, 100000, 0, 0, 0, 0, 0, 0, 0, 0, 30, 30000, 0, 0, 0, 1, 0, 'position,flight', 0.25, 0, 110000, 86000, 0, 3, 1, 0, 3, 0, 1, 1, 0, 180, 1.70, 0.04, 0.01, 0.01, 0.00, 0.05, 0.00, 0.05, 0.00, 0.00, 0.00, 0.00, 0.00, 0.00, 0.00, 2100.000, 0, 0),
	(66, 'TERRANIA Mysticum', 1, 'Das Spezialschiff für die Terraner.', 'Das Spezialschiff für die Terraner.', 670000, 500000, 350000, 480000, 100000, 0, 0, 0, 0, 0, 0, 0, 0, 30, 30000, 0, 0, 0, 1, 0, 'position,flight', 0.25, 0, 110000, 86000, 0, 1, 1, 0, 3, 0, 1, 1, 0, 180, 1.70, 0.02, 0.02, 0.02, 0.00, 0.05, 0.00, 0.15, 0.00, 0.00, 0.00, 0.00, 0.00, 0.00, 0.00, 2100.000, 0, 0),
	(67, 'VORGONIA Mysticum', 1, 'Das Spezialschiff für die Vorgonen.', 'Das Spezialschiff für die Vorgonen.', 670000, 500000, 350000, 480000, 100000, 0, 0, 0, 0, 0, 0, 0, 0, 30, 30000, 0, 0, 0, 1, 0, 'position,flight', 0.25, 0, 110000, 86000, 0, 7, 1, 0, 3, 0, 1, 1, 0, 180, 1.70, 0.01, 0.02, 0.02, 0.00, 0.00, 0.00, 0.05, 0.00, 0.00, 0.00, 0.00, 0.00, 0.00, 0.02, 2100.000, 0, 0),
	(68, 'ENERGIJA Solarsatellit', 1, 'Ein Satellit, der im Orbit schwebt und durch Solarpanels Energie gewinnt, welche dann auf dem Planeten verwendet werden kann.', 'Da einige \r\n(neu entwickelte) Gebäude enorme Energiemengen verschlingen, wurde der Solarsatellit entwickelt. Diese Sonde wird im Orbit stationiert und erzeugt Energie mit Hilfe der Sonne. Die Energieausbeute pro Solarsatellit ist jedoch abhängig von der jeweiligen Planetentemperatur und der jeweiligen Entfernung zur Sonne.\r\nDie Sonden werden bei einem feindlichen Angriff abgeschossen.', 300, 1500, 100, 100, 0, 0, 0, 0, 0, 0, 300, 0, 0, 0, 0, 0, 0, 1, 1, 13, 'flight', 0.25, 0, 100, 50, 0, 0, 0, 0, 2, 0, 0, 0, 0, 0, 0.00, 0.00, 0.00, 0.00, 0.00, 0.00, 0.00, 0.00, 0.00, 0.00, 0.00, 0.00, 0.00, 0.00, 0.00, 2.000, 0, 0),
	(69, 'TEREBELLUM Analysator', 1, 'Diese kleine Sonde wurde dafür geschaffen, um Staub- und Gasvorkommen im All zu analysieren und festzustellen, ob sich deren Abbau lohnt.', 'Diese kleine Sonde wurde dafür geschaffen, um Staub- und Gasvorkommen im All zu analysieren und festzustellen, ob sich deren Abbau lohnt.', 2000, 4500, 3000, 3000, 0, 0, 0, 1, 25, 1, 0, 500, 0, 0, 70000, 10, 1, 1, 1, 1, 'position,analyze,flight,support', 0.25, 0, 100, 200, 1, 0, 1, 0, 2, 0, 0, 0, 0, 0, 0.00, 0.00, 0.00, 0.00, 0.00, 0.00, 0.00, 0.00, 0.00, 0.00, 0.00, 0.00, 0.00, 0.00, 0.00, 12.500, 0, 0),
	(70, 'LORIAL Transportschiff', 1, 'Dieser Transporter der Serrakin kann extrem viel transportieren und verbraucht wenig Sprit, ist dafür aber auch ziemlich langsam.', 'Dieser Transporter der Serrakin kann extrem viel transportieren und verbraucht wenig Sprit, ist dafür aber auch ziemlich langsam.', 15000, 10000, 5000, 5000, 0, 0, 0, 5, 25, 5, 0, 600000, 0, 1, 3000, 600, 500, 1, 1, 0, 'transport,fetch,position,attack,flight,support,alliance', 0.25, 0, 200, 500, 45, 10, 1, 0, 7, 0, 0, 0, 0, 0, 1.00, 0.00, 0.00, 0.00, 0.00, 0.00, 0.00, 0.00, 0.00, 0.00, 0.00, 0.00, 0.00, 0.00, 0.00, 35.000, 0, 0),
	(71, 'AURIGA Explorer', 1, 'Dient zur Erkundung der unbekannten Weiten der Galaxie.', 'Dient zur Erkundung der unbekannten Weiten der Galaxie.', 1000, 800, 0, 0, 0, 0, 0, 1, 3, 0, 0, 200, 0, 0, 3000, 10, 0, 1, 1, 6, 'position,explore,flight,support', 0.25, 0, 50, 20, 0, 0, 1, 0, 2, 0, 0, 0, 0, 0, 0.00, 0.00, 0.00, 0.00, 0.00, 0.00, 0.00, 0.00, 0.00, 0.00, 0.00, 0.00, 0.00, 0.00, 0.00, 1.800, 0, 0),
	(72, 'SERRAKIN Mysticum', 1, 'Das Spezialschiff für die Serrakin', 'Das Spezialschiff für die Serrakin', 670000, 500000, 350000, 480000, 100000, 0, 0, 0, 0, 0, 0, 0, 0, 30, 30000, 0, 0, 0, 1, 0, 'position,flight', 0.25, 0, 110000, 86000, 0, 10, 1, 0, 3, 0, 1, 1, 0, 180, 1.70, 0.02, 0.04, 0.02, 0.02, 0.00, 0.00, 0.05, 0.00, 0.00, 0.00, 0.00, 0.00, 0.00, 0.00, 2100.000, 0, 0),
	(73, 'SUPRANALIS Jäger', 1, 'Weiterentwicklung des ANTARES Jäger.', 'Parallel zu den Antares Jägern wurde der STARLIGHT Jäger entwickelt, welcher besser gepanzert war und auch die bessere Bewaffnung aufwies. Er nutzte auch einen neuartigen Antrieb, welcher aber noch nicht ganz serienreif war, da er andauernd ausfiel, und selten wie geplant lief. Nach einigen Untersuchungen fand man heraus, dass dies daran lag, dass beim Bau des Motors billiges Material verwendet wurde. Das stellte den viel gelobten Jäger in ein anderes Licht, aber andererseits erwies er sich in Raumschlachten als zuverlässiger Mitstreiter.', 2450000, 1700000, 1050000, 1200000, 0, 0, 0, 1, 3, 3, 0, 800, 0, 1, 9750, 22, 20, 0, 0, 2, 'transport,position,attack,flight,support,alliance', 0.25, 0, 1050000, 500000, 855000, 0, 1, 0, 6, 0, 0, 0, 0, 0, 1.00, 0.00, 0.00, 0.00, 0.00, 0.00, 0.00, 0.00, 0.00, 0.00, 0.00, 0.00, 0.00, 0.00, 0.00, 6400.000, 1, 2500),
	(74, 'SUPRANALIS Bomber', 1, 'Dieses Raumschiff ist sehr effektiv gegen gegnerische Verteidigungsanlagen.', 'Trotz allen Erfolgen, die die Hadar Schlachtschiffe bei der Zerstörung gegnerischer Flotten und Verteidigung erzielten, war man damit noch nicht zufrieden. Deshalb konstruierte man ein neues, bis an die Zähne bewaffnetes Schiff, den Pollux Bomber. Nachdem man das Schiff mit Waffen beladen hatte, erwies es sich, dass deshalb die Angriffsgeschwindigkeit eingeschränkt wurde. Wegen diesem Nachteil konnte der Bomber sich in grossen Flotten nicht etablieren, er ist aber trotzdem in allem eine nicht zu unterschätzende Waffe, welche grosse Zerstörung anrichten kann.', 48500000, 10500000, 4250000, 5750000, 0, 0, 0, 275, 400, 350, 0, 2000, 0, 2, 2400, 300, 60, 0, 0, 5, 'transport,position,attack,flight,support,alliance', 0.25, 0, 1300000, 250000, 8100000, 0, 1, 0, 6, 0, 0, 0, 0, 0, 1.00, 0.00, 0.00, 0.00, 0.00, 0.00, 0.00, 0.00, 0.00, 0.00, 0.00, 0.00, 0.00, 0.00, 0.00, 69000.000, 4, 8000),
	(76, 'SUPRANALIS Dreadnought', 1, 'Dieses Schiff ist eine riesige fliegende Festung. ', 'Aus der Erfahrungen, die man mit den Hadar und den Pollux gewonnen hatte, wurde ein neues Superschiff kreiert, der Rigel Dreadnought. Optimierungen in der Herstellung und bei den Antrieben verliehen dem Schiff eine aussergewöhnliche Kampfkraft, Effizienz und Geschwindigkeit zu erstaunlich niedrigen Preisen. Zusätzlich erhöhte man die Transportkapazität, so dass die Rigel eigenständig praktisch aus dem Nichts heraus Raubzüge unternehmen können, ohne sich mit langsamen Transportern zu belasten. ', 33500000, 29750000, 7500000, 17500000, 0, 0, 0, 1400, 11750, 17000, 0, 600000, 0, 560, 9600, 310, 200, 0, 0, 9, 'transport,position,attack,flight,support,alliance', 0.25, 0, 10000000, 13500000, 15750000, 0, 1, 0, 6, 0, 0, 0, 0, 0, 1.00, 0.00, 0.00, 0.00, 0.00, 0.00, 0.00, 0.00, 0.00, 0.00, 0.00, 0.00, 0.00, 0.00, 0.00, 88250.000, 5, 25000),
	(77, 'SUPRANALIS Kampfstern', 1, 'Dieses Schiff ist das mächtigste Schiff der Galaxien.', 'Ein verrückter Wissenschaftler war von der Idee besessen, ein Kampfschiff zu bauen, welches so gross wie ein ganzer Trabant wäre. Er wurde so lange ausgelacht, bis er einen anderen Verrückten traf, der zufällig nebenberuflich Imperator war und der ihn unterstützte. Danach wurde dieser Wissenschaftler allgemein als Genius bekannt, welcher die ultimative Waffe erschaffen hatte: den Andromeda Kampfstern. Seine Waffen und Schilder sind bis heute noch unübertroffen!\r\nDer einzige Nachteil dieses monströsen Kampfschiffes ist nur, dass es wegen seiner Masse lange Start- und Landezeiten hat, und eine zahlreiche Besatzung benötigt wird.', 110000000, 55000000, 66000000, 66000000, 0, 0, 0, 4000, 40000, 20000, 0, 6000000, 0, 990, 20000, 1750, 1250, 0, 0, 13, 'transport,position,attack,flight,support,alliance', 0.25, 0, 46750000, 49500000, 47025000, 0, 1, 0, 6, 0, 0, 0, 0, 0, 1.00, 0.00, 0.00, 0.00, 0.00, 0.00, 0.00, 0.00, 0.00, 0.00, 0.00, 0.00, 0.00, 0.00, 0.00, 297000.000, 7, 75000),
	(78, 'SUPRANALIS Ultra', 1, 'Dieses Schiff ist das mächtigste Schiff der Galaxien \r\n(nun aber wirklich ^^)', 'Der Andromeda Kampfstern galt lange als DAS Kampfschiff schlechthin und nicht wenige behaupten, dass es nicht möglich sei, seine Grösse und Stärke zu übetreffen, doch genau dieses Ziel hatten diverse Imperatoren einer mächtigen Allianz Namens "Supranalis Ultra".\r\nNach vielen Jahren, unzähligen Arbeitsstunden und diversen Todesopfern war der Prototyp dieses Superschiffs fertig.\r\nEtwas noch nie Dagewesenes wurde erschaffen um die Kontrolle eines ganzen Universums an sich zu reissen...', 1000000000, 500000000, 600000000, 600000000, 0, 0, 0, 5000, 50000, 50000, 0, 50000000, 0, 100000, 20000, 5000, 3000, 0, 0, 14, 'transport,position,attack,flight,support,alliance', 0.25, 0, 500000000, 500000000, 450000000, 0, 1, 0, 6, 0, 0, 0, 0, 0, 1.00, 0.00, 0.00, 0.00, 0.00, 0.00, 0.00, 0.00, 0.00, 0.00, 0.00, 0.00, 0.00, 0.00, 0.00, 2700000.000, 10, 356342),
	(79, 'SCORPIUS ZIBAL Trägerschiff', 1, 'Transportiert mobile Verteidigungsanlagen.', 'Transportiert mobile Verteidigungsanlagen.', 3900, 3100, 2100, 1500, 0, 0, 0, 5, 5, 5, 0, 1000, 0, 0, 10000, 60, 60, 1, 1, 14, 'position', 0.25, 0, 1000, 50, 0, 10, 1, 0, 4, 0, 0, 0, 0, 0, 0.00, 0.00, 0.00, 0.00, 0.00, 0.00, 0.00, 0.00, 0.00, 0.00, 0.00, 0.00, 0.00, 0.00, 0.00, 10.600, 0, 0),
	(80, 'SCORPIUS SPICA Trägerschiff', 1, 'Transportiert mobile Verteidigungsanlagen.', 'Transportiert mobile Verteidigungsanlagen.', 800, 475, 0, 425, 0, 0, 0, 5, 5, 5, 0, 1000, 0, 0, 10000, 60, 60, 1, 1, 14, 'position', 0.25, 0, 650, 50, 0, 10, 1, 0, 4, 0, 0, 0, 0, 0, 0.00, 0.00, 0.00, 0.00, 0.00, 0.00, 0.00, 0.00, 0.00, 0.00, 0.00, 0.00, 0.00, 0.00, 0.00, 1.700, 0, 0),
	(81, 'SCORPIUS POLARIS Trägerschiff', 1, 'Transportiert mobile Verteidigungsanlagen.', 'Transportiert mobile Verteidigungsanlagen.', 1000, 700, 300, 500, 0, 0, 0, 5, 5, 5, 0, 1000, 0, 0, 10000, 60, 60, 1, 1, 14, 'position', 0.25, 0, 1000, 50, 0, 10, 1, 0, 4, 0, 0, 0, 0, 0, 0.00, 0.00, 0.00, 0.00, 0.00, 0.00, 0.00, 0.00, 0.00, 0.00, 0.00, 0.00, 0.00, 0.00, 0.00, 2.500, 0, 0),
	(82, 'SCORPIUS PHOENIX Trägerschiff', 1, 'Transportiert mobile Verteidigungsanlagen.', 'Transportiert mobile Verteidigungsanlagen.', 6500, 3500, 3000, 1900, 0, 0, 0, 5, 5, 5, 0, 1000, 0, 0, 10000, 60, 60, 1, 1, 14, 'position', 0.25, 0, 1000, 50, 0, 10, 1, 0, 4, 0, 0, 0, 0, 0, 0.00, 0.00, 0.00, 0.00, 0.00, 0.00, 0.00, 0.00, 0.00, 0.00, 0.00, 0.00, 0.00, 0.00, 0.00, 14.900, 0, 0),
	(91, 'DAEDALUS Jäger', 1, 'Kampfschiff der Terraner.', 'Die Terraner haderten schon lange mit ihrer Effektivität im Kampf. Ihre Zerstörer waren im Schwarm zwar in der Lage, sämtlichen Schiffen gefährlich zu werden, allerdings brachten sie durch ihre geringe Struktur stets erhebliche Verluste mit sich. Um dem entgegen zu wirken, entwickelten sie ein stark gepanzertes Schiff, den Daedalus Jäger.', 13900, 7000, 7000, 7000, 0, 0, 0, 1, 10, 5, 0, 12000, 0, 3, 5200, 660, 360, 1, 1, 0, 'transport,position,attack,flight,support,alliance', 0.25, 0, 8000, 5000, 2000, 1, 1, 0, 4, 1, 0, 0, 0, 0, 0.00, 0.00, 0.00, 0.00, 0.00, 0.00, 0.00, 0.00, 0.00, 0.00, 0.00, 0.00, 0.00, 0.00, 0.00, 34.900, 0, 0),
	(94, 'SIRRAH Schlachter', 1, 'Grosses Kampfschiff der Orioner.', 'Die Orioner waren schon immer eine gefürchtete Rasse durch ihre schnellen Angriffe. Dies hat den Orionern aber noch nicht gereicht. Zusätzlich zum Orion Fighter entwickelten sie ein weiteres Kriegsschiff, den Sirrah Schlachter. Trotz seiner enormen Grösse hat der Sirrah Schlachter eine hohe Geschwindigkeit und eine kurze Startzeit, was ihn zu einer grossen Bedrohung macht.', 275000, 190000, 160000, 90000, 0, 0, 0, 20, 98, 128, 0, 150000, 0, 25, 7000, 790, 510, 1, 1, 0, 'transport,position,attack,flight,support,alliance', 0.25, 0, 125000, 80500, 108000, 4, 1, 0, 4, 1, 0, 0, 0, 0, 0.00, 0.00, 0.00, 0.00, 0.00, 0.00, 0.00, 0.00, 0.00, 0.00, 0.00, 0.00, 0.00, 0.00, 0.00, 715.000, 0, 0),
	(95, 'GOMEISA Gassauger', 1, 'Gassauger der Vorgonen.', 'Die immer grösser werdenden Flotten der Vorgonen führten zu Tritiumknappheit. Zum Beheben dieses Problems wurde der Gomeisa Gassauger entwickelt. Dieser Gassauger kann in kurzer Zeit von umliegenden Gasplaneten eine grössere Menge an Tritium abbauen. ', 60000, 28000, 25000, 60000, 0, 0, 0, 19, 3, 4, 0, 40000, 0, 3, 1500, 950, 1450, 1, 1, 0, 'transport,position,attack,collectcrystal,collectfuel,flight,support,alliance', 0.25, 0, 800, 1000, 5, 7, 1, 0, 7, 0, 0, 0, 0, 0, 0.00, 0.00, 0.00, 0.00, 0.00, 0.00, 0.00, 0.00, 0.00, 0.00, 0.00, 0.00, 0.00, 0.00, 0.00, 173.000, 0, 0),
	(85, 'KRISTNAS Explorer', 1, 'Frohes Fest!', 'Frohes Fest!', 0, 0, 0, 0, 0, 0, 0, 35, 70, 10, 0, 50000, 0, 1, 30000, 300, 150, 0, 0, 0, 'transport,fetch,collectdebris,position,attack,spy,collectmetal,collectcrystal,collectfuel,analyze,explore,flight,support,alliance', 0.25, 0, 10000, 6000, 100, 0, 1, 0, 3, 0, 1, 1, 1, 1, 10.00, 0.00, 0.00, 0.00, 0.00, 0.00, 0.00, 0.00, 0.00, 0.00, 0.00, 0.00, 0.00, 0.00, 0.00, 0.000, 0, 0),
	(96, 'Jubiläumskreuzer', 1, 'Zur Feier von Etoa\'s 10jährigem Bestehen wurde dieses Schiff kreiert.', 'Beschreibung folgt...', 100000000, 50000000, 60000000, 60000000, 0, 0, 0, 8000, 80000, 40000, 0, 6000000, 0, 990, 20000, 1750, 1250, 0, 0, 13, 'flight', 0.25, 0, 42500000, 45000000, 42750000, 0, 1, 0, 5, 0, 0, 0, 0, 0, 1.00, 0.00, 0.00, 0.00, 0.00, 0.00, 0.00, 0.00, 0.00, 0.00, 0.00, 0.00, 0.00, 0.00, 0.00, 270000.000, 0, 0),
	(97, 'AIN Sonde', 1, 'Diese kleine Sonde wurde für den schnellen Transport von kleineren Mengen Ressourcen entwickelt.', 'Beim Aufbau neuer Imperien war der Ressourcenfluss meist das größte Problem aller Völker. Die AURORA Sonde wäre für dieses Zeitalter das beste Schiff, doch zu hoch entwickelt. So erfanden die hoch intelligenten Centauri ein besseres Schiff - die Artifical Intelligence Neurologic - kurz AIN - Sonde. Durch eine extrem leichte Bauweise, der Verzicht von Piloten und einem intelligenten automatischen internen Logistiksystem fanden große Lagerräume und schnelle Antriebe Platz.', 3000, 1500, 1000, 2000, 0, 0, 0, 1, 1, 1, 0, 15000, 0, 0, 40000, 20, 10, 1, 1, 0, 'transport,fetch,position,flight', 0.25, 0, 1, 1, 1, 8, 1, 0, 7, 0, 0, 0, 0, 0, 0.00, 0.00, 0.00, 0.00, 0.00, 0.00, 0.00, 0.00, 0.00, 0.00, 0.00, 0.00, 0.00, 0.00, 0.00, 7.500, 0, 0),
	(98, 'Aurea Magnitudinis', 1, 'Ein goldenes Schiff, das deine Flotte verschönert und eine echte Errungenschaft ist.', 'Das Aurea Magnitudinis kann man nicht bauen, man kann es sich nur verdienen. Es ist ein wunderschönes goldenes Schiff, ähnlich einem Mysticum, nur viel schöner. Wenn du ein solches Schiff besitzt, darfst du immer stolz auf die Sternenzeit zurückblicken, als du die grösste Flotte besessen hast. ', 0, 0, 0, 0, 0, 0, 0, 1, 1, 1, 0, 1000, 0, 1, 10000, 600, 600, 0, 0, 0, 'position,attack,flight', 0.25, 0, 1, 0, 0, 0, 1, 0, 6, 0, 0, 0, 0, 0, 0.00, 0.00, 0.00, 0.00, 0.00, 0.00, 0.00, 0.00, 0.00, 0.00, 0.00, 0.00, 0.00, 0.00, 0.00, 0.000, 0, 0),
	(99, 'Aurea Sapientiae', 1, 'Ein goldenes Schiff, das deine Flotte verschönert und eine echte Errungenschaft ist.', 'Das Aurea Sapientiae kann man nicht bauen, man kann es sich nur verdienen. Es ist ein wunderschönes goldenes Schiff, ähnlich einem Mysticum, nur viel schöner. Wenn du ein solches Schiff besitzt, darfst du immer stolz auf die Sternenzeit zurückblicken, als du die höchste Kampferfahrung besessen hast.', 0, 0, 0, 0, 0, 0, 0, 1, 1, 1, 0, 1000, 0, 1, 10000, 600, 600, 0, 0, 0, 'position,attack,flight', 0.25, 0, 1, 0, 0, 0, 1, 0, 6, 0, 0, 0, 0, 0, 0.00, 0.00, 0.00, 0.00, 0.00, 0.00, 0.00, 0.00, 0.00, 0.00, 0.00, 0.00, 0.00, 0.00, 0.00, 0.000, 0, 0);
/*!40000 ALTER TABLE `ships` ENABLE KEYS */;

-- Exportiere Struktur von Tabelle etoa_round16.ship_cat
CREATE TABLE IF NOT EXISTS `ship_cat` (
  `cat_id` int(10) unsigned NOT NULL AUTO_INCREMENT,
  `cat_name` varchar(50) NOT NULL,
  `cat_order` int(2) unsigned NOT NULL DEFAULT '0',
  `cat_color` char(7) NOT NULL,
  PRIMARY KEY (`cat_id`),
  KEY `cat_name` (`cat_name`),
  KEY `cat_order` (`cat_order`)
) ENGINE=MyISAM AUTO_INCREMENT=8 DEFAULT CHARSET=utf8;

-- Exportiere Daten aus Tabelle etoa_round16.ship_cat: 7 rows
/*!40000 ALTER TABLE `ship_cat` DISABLE KEYS */;
REPLACE INTO `ship_cat` (`cat_id`, `cat_name`, `cat_order`, `cat_color`) VALUES
	(1, 'Kriegsschiff', 2, '#0080FF'),
	(2, 'Ziviles Schiff', 1, '#00FF00'),
	(3, 'Episches Schiff', 5, '#B048F8'),
	(4, 'Rassenspezifisches Schiff', 4, '#f00'),
	(5, 'NPC-Schiff', 7, '#F07902'),
	(6, 'Allianzschiff', 6, '#ffffff'),
	(7, 'Ziviles Rassenschiff', 3, '#ffffff');
/*!40000 ALTER TABLE `ship_cat` ENABLE KEYS */;

-- Exportiere Struktur von Tabelle etoa_round16.ship_requirements
CREATE TABLE IF NOT EXISTS `ship_requirements` (
  `id` int(10) unsigned NOT NULL AUTO_INCREMENT,
  `obj_id` int(10) unsigned NOT NULL DEFAULT '0',
  `req_building_id` int(10) unsigned NOT NULL DEFAULT '0',
  `req_tech_id` int(10) unsigned NOT NULL DEFAULT '0',
  `req_level` tinyint(3) unsigned NOT NULL DEFAULT '1',
  PRIMARY KEY (`id`),
  UNIQUE KEY `obj_id` (`obj_id`,`req_building_id`,`req_tech_id`)
) ENGINE=MyISAM AUTO_INCREMENT=409 DEFAULT CHARSET=utf8;

-- Exportiere Daten aus Tabelle etoa_round16.ship_requirements: 279 rows
/*!40000 ALTER TABLE `ship_requirements` DISABLE KEYS */;
REPLACE INTO `ship_requirements` (`id`, `obj_id`, `req_building_id`, `req_tech_id`, `req_level`) VALUES
	(1, 1, 9, 0, 2),
	(2, 1, 11, 0, 1),
	(3, 2, 9, 0, 2),
	(4, 3, 9, 0, 1),
	(5, 4, 9, 0, 5),
	(6, 4, 11, 0, 2),
	(7, 6, 9, 0, 7),
	(8, 6, 11, 0, 7),
	(9, 7, 9, 0, 8),
	(10, 7, 11, 0, 5),
	(11, 8, 9, 0, 10),
	(12, 8, 11, 0, 8),
	(13, 8, 8, 0, 7),
	(14, 1, 0, 4, 4),
	(15, 2, 0, 4, 1),
	(16, 3, 0, 7, 1),
	(17, 3, 0, 4, 1),
	(18, 4, 0, 5, 3),
	(19, 7, 0, 5, 5),
	(20, 6, 0, 6, 4),
	(22, 9, 0, 4, 2),
	(393, 31, 0, 16, 7),
	(388, 10, 0, 4, 1),
	(25, 11, 0, 6, 11),
	(26, 11, 9, 0, 9),
	(27, 11, 11, 0, 10),
	(387, 10, 9, 0, 3),
	(386, 12, 9, 0, 6),
	(33, 12, 0, 3, 6),
	(34, 12, 0, 10, 5),
	(35, 13, 9, 0, 12),
	(36, 13, 11, 0, 10),
	(38, 13, 0, 6, 13),
	(42, 14, 9, 0, 4),
	(43, 14, 11, 0, 4),
	(307, 14, 0, 5, 5),
	(47, 15, 9, 0, 4),
	(46, 15, 0, 5, 7),
	(49, 15, 0, 8, 12),
	(50, 15, 0, 3, 9),
	(51, 8, 0, 5, 8),
	(52, 12, 0, 4, 7),
	(53, 42, 9, 0, 10),
	(54, 42, 0, 16, 7),
	(55, 42, 0, 11, 11),
	(194, 43, 9, 0, 3),
	(57, 43, 0, 20, 5),
	(58, 42, 0, 6, 6),
	(60, 43, 0, 16, 2),
	(403, 44, 0, 4, 5),
	(399, 44, 0, 16, 1),
	(64, 40, 9, 0, 5),
	(330, 91, 0, 16, 4),
	(66, 40, 0, 11, 10),
	(67, 40, 0, 5, 6),
	(68, 41, 9, 0, 3),
	(329, 91, 9, 0, 6),
	(70, 41, 0, 20, 5),
	(71, 45, 9, 0, 7),
	(72, 45, 0, 20, 7),
	(73, 45, 0, 16, 6),
	(397, 36, 0, 19, 10),
	(396, 36, 0, 20, 6),
	(395, 36, 0, 16, 6),
	(394, 36, 9, 0, 7),
	(78, 37, 9, 0, 3),
	(79, 37, 0, 16, 2),
	(80, 37, 0, 20, 5),
	(81, 38, 9, 0, 5),
	(82, 38, 0, 16, 4),
	(83, 38, 0, 6, 5),
	(84, 33, 9, 0, 3),
	(85, 33, 0, 16, 2),
	(86, 33, 0, 20, 5),
	(87, 34, 9, 0, 5),
	(88, 34, 0, 16, 4),
	(89, 34, 0, 5, 10),
	(90, 34, 0, 8, 13),
	(91, 32, 9, 0, 7),
	(92, 32, 0, 16, 6),
	(93, 32, 0, 20, 6),
	(94, 32, 0, 17, 3),
	(95, 30, 9, 0, 5),
	(96, 30, 0, 16, 6),
	(97, 30, 0, 10, 12),
	(98, 30, 0, 5, 6),
	(99, 29, 9, 0, 3),
	(100, 29, 0, 16, 2),
	(101, 29, 0, 20, 5),
	(392, 31, 0, 12, 6),
	(391, 31, 0, 14, 5),
	(390, 31, 0, 3, 5),
	(389, 31, 9, 0, 6),
	(106, 28, 9, 0, 5),
	(107, 28, 0, 16, 4),
	(309, 28, 0, 20, 7),
	(109, 28, 11, 0, 6),
	(335, 27, 0, 9, 5),
	(334, 27, 9, 0, 5),
	(333, 27, 0, 14, 4),
	(113, 26, 9, 0, 8),
	(114, 26, 0, 16, 10),
	(344, 95, 0, 5, 7),
	(345, 95, 9, 0, 5),
	(117, 23, 9, 0, 7),
	(118, 23, 0, 16, 6),
	(119, 23, 0, 6, 5),
	(120, 23, 0, 7, 15),
	(121, 25, 9, 0, 3),
	(122, 25, 11, 0, 7),
	(123, 25, 0, 20, 5),
	(124, 25, 0, 16, 2),
	(125, 24, 9, 0, 8),
	(126, 24, 0, 16, 6),
	(127, 24, 0, 5, 9),
	(336, 27, 0, 16, 4),
	(129, 20, 9, 0, 7),
	(130, 20, 0, 16, 6),
	(131, 20, 0, 6, 6),
	(306, 20, 0, 15, 4),
	(133, 21, 9, 0, 3),
	(134, 21, 0, 16, 2),
	(135, 21, 0, 20, 5),
	(136, 22, 9, 0, 7),
	(137, 22, 0, 6, 7),
	(138, 22, 0, 10, 7),
	(139, 22, 0, 16, 6),
	(140, 19, 9, 0, 3),
	(402, 91, 0, 20, 4),
	(142, 19, 0, 20, 5),
	(143, 18, 9, 0, 5),
	(144, 18, 0, 16, 4),
	(145, 18, 0, 10, 7),
	(146, 18, 0, 5, 7),
	(147, 17, 9, 0, 7),
	(148, 17, 0, 16, 6),
	(149, 17, 0, 6, 6),
	(151, 46, 9, 0, 6),
	(152, 46, 0, 12, 3),
	(153, 46, 0, 4, 6),
	(384, 47, 0, 21, 5),
	(385, 47, 0, 3, 6),
	(382, 47, 9, 0, 4),
	(383, 47, 11, 0, 5),
	(163, 50, 9, 0, 6),
	(164, 50, 0, 14, 5),
	(165, 50, 0, 12, 6),
	(166, 50, 0, 3, 5),
	(167, 9, 11, 0, 1),
	(169, 51, 9, 0, 1),
	(170, 51, 0, 4, 3),
	(171, 51, 0, 14, 9),
	(172, 51, 0, 7, 8),
	(173, 51, 0, 11, 5),
	(174, 52, 9, 0, 6),
	(381, 52, 0, 6, 5),
	(176, 52, 0, 3, 4),
	(178, 22, 11, 0, 5),
	(398, 44, 9, 0, 3),
	(180, 37, 0, 21, 3),
	(181, 23, 0, 21, 5),
	(182, 53, 11, 0, 8),
	(184, 53, 0, 14, 10),
	(185, 53, 0, 21, 8),
	(186, 53, 9, 0, 10),
	(187, 53, 0, 9, 4),
	(188, 13, 0, 10, 7),
	(189, 13, 0, 9, 6),
	(190, 13, 0, 8, 7),
	(191, 6, 0, 9, 6),
	(193, 2, 0, 5, 1),
	(195, 57, 9, 0, 5),
	(196, 57, 0, 4, 3),
	(197, 58, 8, 0, 4),
	(348, 60, 0, 15, 4),
	(351, 60, 0, 20, 7),
	(349, 60, 0, 18, 5),
	(356, 61, 0, 20, 7),
	(350, 60, 9, 0, 9),
	(357, 61, 0, 5, 10),
	(358, 61, 0, 16, 8),
	(355, 61, 9, 0, 9),
	(354, 61, 0, 19, 4),
	(360, 62, 9, 0, 9),
	(362, 62, 0, 5, 10),
	(361, 62, 0, 20, 7),
	(363, 62, 0, 16, 8),
	(359, 62, 0, 7, 14),
	(214, 63, 9, 0, 9),
	(215, 63, 0, 5, 10),
	(216, 63, 0, 16, 8),
	(364, 63, 0, 20, 7),
	(218, 63, 0, 10, 10),
	(220, 57, 11, 0, 4),
	(221, 59, 0, 11, 12),
	(222, 59, 9, 0, 9),
	(365, 59, 0, 20, 7),
	(224, 59, 0, 16, 8),
	(225, 64, 0, 20, 7),
	(367, 64, 0, 5, 10),
	(227, 64, 9, 0, 9),
	(228, 64, 0, 16, 8),
	(229, 65, 0, 17, 5),
	(369, 65, 0, 5, 10),
	(231, 65, 0, 20, 7),
	(232, 65, 0, 16, 8),
	(233, 65, 9, 0, 9),
	(308, 14, 0, 4, 5),
	(373, 66, 0, 5, 10),
	(236, 66, 0, 20, 7),
	(237, 66, 0, 16, 8),
	(238, 66, 9, 0, 9),
	(376, 67, 0, 25, 15),
	(380, 66, 0, 9, 10),
	(378, 67, 0, 20, 7),
	(242, 67, 9, 0, 9),
	(377, 67, 0, 16, 8),
	(244, 68, 0, 3, 2),
	(245, 68, 0, 5, 2),
	(408, 69, 9, 0, 5),
	(247, 69, 11, 0, 6),
	(248, 69, 0, 5, 5),
	(249, 69, 0, 9, 4),
	(250, 69, 0, 25, 2),
	(251, 70, 0, 20, 5),
	(252, 70, 9, 0, 3),
	(253, 70, 0, 16, 2),
	(372, 72, 0, 5, 10),
	(275, 71, 9, 0, 1),
	(371, 72, 0, 20, 7),
	(370, 72, 0, 12, 5),
	(279, 72, 0, 16, 8),
	(268, 72, 9, 0, 9),
	(274, 71, 0, 4, 1),
	(280, 68, 9, 0, 1),
	(281, 9, 9, 0, 1),
	(282, 79, 0, 5, 4),
	(286, 82, 0, 5, 5),
	(287, 81, 0, 5, 2),
	(288, 80, 0, 5, 1),
	(289, 83, 24, 0, 3),
	(290, 83, 0, 11, 15),
	(291, 83, 0, 20, 7),
	(292, 83, 0, 25, 3),
	(304, 1, 0, 5, 1),
	(305, 70, 0, 21, 3),
	(311, 80, 9, 0, 1),
	(312, 80, 0, 12, 3),
	(315, 81, 9, 0, 3),
	(316, 81, 0, 12, 4),
	(317, 82, 9, 0, 8),
	(318, 82, 0, 19, 3),
	(321, 82, 0, 16, 4),
	(322, 82, 0, 25, 3),
	(323, 82, 0, 12, 8),
	(324, 79, 9, 0, 6),
	(325, 79, 0, 3, 5),
	(326, 79, 10, 0, 5),
	(327, 79, 0, 12, 6),
	(331, 24, 0, 3, 15),
	(332, 24, 0, 21, 8),
	(337, 94, 0, 6, 8),
	(338, 94, 9, 0, 9),
	(339, 94, 0, 9, 10),
	(340, 94, 0, 16, 9),
	(341, 26, 0, 21, 10),
	(342, 26, 0, 20, 9),
	(343, 26, 11, 0, 9),
	(346, 95, 0, 16, 2),
	(347, 95, 0, 10, 8),
	(352, 60, 0, 5, 10),
	(353, 60, 0, 16, 8),
	(366, 59, 0, 5, 10),
	(368, 64, 0, 8, 10),
	(379, 67, 0, 5, 10),
	(404, 44, 0, 5, 5),
	(405, 97, 9, 0, 3),
	(406, 97, 0, 16, 2),
	(407, 97, 0, 20, 2);
/*!40000 ALTER TABLE `ship_requirements` ENABLE KEYS */;

-- Exportiere Struktur von Tabelle etoa_round16.sol_types
CREATE TABLE IF NOT EXISTS `sol_types` (
  `sol_type_id` int(10) unsigned NOT NULL AUTO_INCREMENT,
  `sol_type_name` varchar(50) NOT NULL,
  `sol_type_f_metal` decimal(4,2) unsigned NOT NULL DEFAULT '0.00',
  `sol_type_f_crystal` decimal(4,2) unsigned NOT NULL DEFAULT '0.00',
  `sol_type_f_plastic` decimal(4,2) unsigned NOT NULL DEFAULT '0.00',
  `sol_type_f_fuel` decimal(4,2) unsigned NOT NULL DEFAULT '0.00',
  `sol_type_f_food` decimal(4,2) unsigned NOT NULL DEFAULT '1.00',
  `sol_type_f_power` decimal(4,2) unsigned NOT NULL DEFAULT '1.00',
  `sol_type_f_population` decimal(4,2) unsigned NOT NULL DEFAULT '1.00',
  `sol_type_f_buildtime` decimal(4,2) unsigned NOT NULL DEFAULT '1.00',
  `sol_type_comment` text NOT NULL,
  `sol_type_f_researchtime` decimal(4,2) unsigned NOT NULL DEFAULT '1.00',
  `sol_type_consider` tinyint(3) unsigned NOT NULL DEFAULT '1',
  PRIMARY KEY (`sol_type_id`),
  KEY `type_name` (`sol_type_name`)
) ENGINE=MyISAM AUTO_INCREMENT=8 DEFAULT CHARSET=utf8;

-- Exportiere Daten aus Tabelle etoa_round16.sol_types: 7 rows
/*!40000 ALTER TABLE `sol_types` DISABLE KEYS */;
REPLACE INTO `sol_types` (`sol_type_id`, `sol_type_name`, `sol_type_f_metal`, `sol_type_f_crystal`, `sol_type_f_plastic`, `sol_type_f_fuel`, `sol_type_f_food`, `sol_type_f_power`, `sol_type_f_population`, `sol_type_f_buildtime`, `sol_type_comment`, `sol_type_f_researchtime`, `sol_type_consider`) VALUES
	(1, 'Gelber Stern', 1.35, 1.30, 1.10, 1.00, 0.90, 1.10, 1.10, 1.10, 'Die gelben Sterne gehören zu der Kategorie "mittelgrosse Sterne". Das Alter solcher Gelben Sterne kann extrem variieren; sie können zwischen einigen Jahrtausenden bis hin zu Jahrmillionen alt sein.<br>Generell gilt jedoch, dass auf Gelben Sternen gemässigte und gute Lebensbedingungen herrschen. Ausserdem ist die Geodiversität relativ gross, was den Abbau von Metallen genauso fördert wie die Entwicklung von Chemikalien. Dank dem mineralhaltigen Boden ist sogar ein gewisser Kristallabbau möglich.<br>Einzig der Nahrung scheint der mineralienhaltige Boden nicht ganz so gut zu bekommen...', 1.00, 1),
	(2, 'Blauer Stern', 1.00, 1.30, 1.00, 1.00, 1.05, 0.90, 1.00, 1.00, 'Diese Art von Sternen erscheint dem Beobachter meist blau; das liegt daran, dass im Innern des Sterns eine gewaltige Hitze herrscht, vergleichbar mit der blauen Färbung einer Flamme beim Schweissen.<br>Durch die gigantischen Hitzewellen sind die Lebensbedingungen im Umfeld Blauer Sterne für die verschiedenen Völker nicht optimal. Einige jedoch haben sich inzwischen dem heissen Klima anpassen können und nutzen genau dieses zur Verschmelzung von Kristallinem Material, um qualitativ hochstehende Kristallite herzustellen.<br>Bisher wollte es jedoch noch keinem Volk so richtig gelingen, aus dem heissen Klima einen weiteren Nutzen in Sachen Industrie zu ziehen. Im Gegenteil, meist ist die Stromproduktion und das Wachstum der Bevölkerung tiefer als in anderen Sternsystemen.', 1.00, 1),
	(3, 'Roter Stern', 0.95, 0.95, 1.00, 0.85, 0.95, 0.90, 1.10, 0.85, 'Rote Sterne sind eher klein und schon recht alt. Dadurch ist ihre Energieaustrahlung nicht mehr ganz so gross, was wiederum eine gute Klimabedingung für die meisten Völker ist. Deshalb verwundert es nicht, dass man in vielen Roten Sternen alle möglichen Völker antrifft, welche dort seit ewigen Zeiten eine neue Heimat gefunden haben.<br>Ebenfalls positiv wirkt sich die gemässigte Energieabgabe der Roten Sterne auf verschiedenste Produktionen aus, was dann wiederum den dort wohnhaften Völkern zugute kommt.', 1.00, 1),
	(4, 'Weisser Stern', 0.90, 1.20, 1.25, 1.30, 0.95, 1.10, 1.00, 1.00, 'Weisse Sterne sind stark energiehaltige Sterne, deren Energieausstösse für das extrem helle Licht verantwortlich sind.<br>Dadurch lässt sich in der Nähe von Weissen Sternen mit relativ wenig Aufwand Tritium und Strom herstellen. Ebenfalls positiv wirkt sich die Energiestrahlung auf die Kristallisation aus, jedoch nicht auf die Menschen. Jene ertragen die gewaltigen Energiemengen nicht zu lange, weshalb der Bevölkerungswachstum in Weissen Sternen meist kleiner als in anderen Sternen ist.', 1.00, 1),
	(5, 'Violetter Stern', 1.20, 0.90, 1.10, 1.00, 1.20, 1.10, 1.00, 1.00, 'Violette Sterne sind sehr junge Sterne, die sich meistens innerhalb von Gaswolken befinden. Die für den Betrachter violette Färbung der Sonne entsteht durch die vielen verschiedenen Nebel, welche das Sonnenlicht jeweils verschieden brechen.<br>Weil die Sterne noch ziemlich jung sind, ist noch nicht viel über sie bekannt; die Beobachtungen der verschiedenen Völker haben erst begonnen.', 0.90, 1),
	(6, 'Schwarzer Stern', 1.00, 1.05, 1.05, 0.90, 1.00, 1.00, 1.00, 0.90, 'Praktisch keiner weiss etwas über schwarze Sterne, da sie erst vor kurzem durch eine neuartige Objektivtechnologie sichtbar gemacht werden konnten.<br>Erst einzelne überragende Forscher haben angefangen, sich an diese Mysterien im All heranzuwagen.<br>Ungenannte Quellen munkeln jedoch, dass die schwarze Färbung durch aktive schwarze Löcher auftritt, was die Völker natürlich davor abschreckt, mehr über die Schwarzen Sterne rauszufinden.', 1.00, 1),
	(7, 'Grüner Stern', 1.40, 1.10, 1.00, 1.00, 1.20, 1.00, 1.00, 1.10, 'Grüne Sterne wirken auf den ersten Blick giftig - und so ganz unrecht ist das auch nicht. Durch Gase aus dem Inneren der Sterne werden immer wieder Epidemien ausgelöst, die Teile der Bewohner von Grünen Sternen dahinraffen.<br>Entgegen den unwirtlichen Lebensbedingungen wirken sich die Gase und die Geostruktur positiv auf die Steingefüge der Sterne aus.<br>Es verwundert daher nicht, dass in Grünen Sternen oftmals Raffinerien, Erzwerke und Metallverarbeitungsanlagen anzutreffen sind.', 1.00, 1);
/*!40000 ALTER TABLE `sol_types` ENABLE KEYS */;

-- Exportiere Struktur von Tabelle etoa_round16.specialists
CREATE TABLE IF NOT EXISTS `specialists` (
  `specialist_id` int(10) unsigned NOT NULL AUTO_INCREMENT,
  `specialist_name` char(20) COLLATE utf8_unicode_ci NOT NULL,
  `specialist_desc` text COLLATE utf8_unicode_ci NOT NULL,
  `specialist_enabled` tinyint(1) unsigned NOT NULL DEFAULT '1',
  `specialist_points_req` int(10) unsigned NOT NULL DEFAULT '0',
  `specialist_costs_metal` int(10) unsigned NOT NULL DEFAULT '0',
  `specialist_costs_crystal` int(10) unsigned NOT NULL DEFAULT '0',
  `specialist_costs_plastic` int(10) unsigned NOT NULL DEFAULT '0',
  `specialist_costs_fuel` int(10) unsigned NOT NULL DEFAULT '0',
  `specialist_costs_food` int(10) unsigned NOT NULL DEFAULT '0',
  `specialist_days` tinyint(3) unsigned NOT NULL DEFAULT '14',
  `specialist_prod_metal` decimal(4,2) unsigned NOT NULL DEFAULT '1.00',
  `specialist_prod_crystal` decimal(4,2) unsigned NOT NULL DEFAULT '1.00',
  `specialist_prod_plastic` decimal(4,2) unsigned NOT NULL DEFAULT '1.00',
  `specialist_prod_fuel` decimal(4,2) unsigned NOT NULL DEFAULT '1.00',
  `specialist_prod_food` decimal(4,2) unsigned NOT NULL DEFAULT '1.00',
  `specialist_power` decimal(4,2) unsigned NOT NULL DEFAULT '1.00',
  `specialist_population` decimal(4,2) unsigned NOT NULL DEFAULT '1.00',
  `specialist_time_tech` decimal(4,2) unsigned NOT NULL DEFAULT '1.00',
  `specialist_time_buildings` decimal(4,2) unsigned NOT NULL DEFAULT '1.00',
  `specialist_time_defense` decimal(4,2) unsigned NOT NULL DEFAULT '1.00',
  `specialist_time_ships` decimal(4,2) unsigned NOT NULL DEFAULT '1.00',
  `specialist_costs_buildings` decimal(4,2) unsigned NOT NULL DEFAULT '1.00',
  `specialist_costs_defense` decimal(4,2) unsigned NOT NULL DEFAULT '1.00',
  `specialist_costs_ships` decimal(4,2) unsigned NOT NULL DEFAULT '1.00',
  `specialist_costs_tech` decimal(4,2) unsigned NOT NULL DEFAULT '1.00',
  `specialist_fleet_speed` decimal(4,2) unsigned NOT NULL DEFAULT '1.00',
  `specialist_fleet_max` tinyint(2) unsigned NOT NULL DEFAULT '0',
  `specialist_def_repair` decimal(4,2) unsigned NOT NULL DEFAULT '1.00',
  `specialist_spy_level` tinyint(2) unsigned NOT NULL DEFAULT '0',
  `specialist_tarn_level` tinyint(2) unsigned NOT NULL DEFAULT '0',
  `specialist_trade_time` decimal(4,2) unsigned NOT NULL DEFAULT '1.00',
  `specialist_trade_bonus` decimal(4,2) unsigned NOT NULL DEFAULT '1.00',
  PRIMARY KEY (`specialist_id`)
) ENGINE=MyISAM AUTO_INCREMENT=11 DEFAULT CHARSET=utf8 COLLATE=utf8_unicode_ci;

-- Exportiere Daten aus Tabelle etoa_round16.specialists: 10 rows
/*!40000 ALTER TABLE `specialists` DISABLE KEYS */;
REPLACE INTO `specialists` (`specialist_id`, `specialist_name`, `specialist_desc`, `specialist_enabled`, `specialist_points_req`, `specialist_costs_metal`, `specialist_costs_crystal`, `specialist_costs_plastic`, `specialist_costs_fuel`, `specialist_costs_food`, `specialist_days`, `specialist_prod_metal`, `specialist_prod_crystal`, `specialist_prod_plastic`, `specialist_prod_fuel`, `specialist_prod_food`, `specialist_power`, `specialist_population`, `specialist_time_tech`, `specialist_time_buildings`, `specialist_time_defense`, `specialist_time_ships`, `specialist_costs_buildings`, `specialist_costs_defense`, `specialist_costs_ships`, `specialist_costs_tech`, `specialist_fleet_speed`, `specialist_fleet_max`, `specialist_def_repair`, `specialist_spy_level`, `specialist_tarn_level`, `specialist_trade_time`, `specialist_trade_bonus`) VALUES
	(1, 'Admiral', 'Der Flottenadmiral ist ein kriegserfahrener Veteran und meisterhafter Stratege. Auch im heissesten Gefecht behält er im Gefechtsleitstand den Überblick und hält Kontakt mit den ihm unterstellten Admirälen. Ein weiser Herrscher kann sich auf seine Unterstützung im Kampf absolut verlassen und somit mehr Raumflotten gleichzeitig und schneller ins Gefecht führen.', 1, 100000, 100000, 100000, 100000, 100000, 100000, 7, 1.00, 1.00, 1.00, 1.00, 1.00, 1.00, 1.00, 1.00, 1.00, 1.00, 1.00, 1.00, 1.00, 1.00, 1.00, 1.40, 3, 1.00, 0, 0, 1.00, 1.00),
	(2, 'Ingenieur', 'Der Ingenieur ist ein Spezialist für besonders durchdachte und stabile Verteidigungssysteme. Durch seine Mithilfe können Verteidigungsanlagen schneller und günstiger produziert werden. Nach einem Kampf kann er auch schwer beschädigte Anlagen wieder reparieren.', 1, 100000, 100000, 100000, 100000, 100000, 100000, 7, 1.00, 1.00, 1.00, 1.00, 1.00, 1.00, 1.00, 1.00, 1.00, 0.80, 1.00, 1.00, 0.90, 1.00, 1.00, 1.00, 0, 1.40, 0, 0, 1.00, 1.00),
	(3, 'Geologe', 'Der Geologe ist ein anerkannter Experte in Astromineralogie und -kristallographie. Mithilfe seines Teams aus Metallurgen und Chemieingenieuren unterstützt er interplanetarische Regierungen bei der Erschließung neuer Rohstoffquellen und der Optimierung ihrer Raffination.', 1, 100000, 100000, 100000, 100000, 100000, 100000, 7, 1.15, 1.15, 1.00, 1.00, 1.00, 1.00, 1.00, 1.00, 1.00, 1.00, 1.00, 1.00, 1.00, 1.00, 1.00, 1.00, 0, 1.00, 0, 0, 1.00, 1.00),
	(4, 'Professor', 'Die Gilde der Technokraten sind geniale Wissenschaftler, und man findet sie immer dort, wo die Grenzen des technisch Machbaren gesprengt werden. Durch seine reine Anwesenheit inspiriert er die Forscher des Imperiums.', 1, 100000, 100000, 100000, 100000, 100000, 100000, 7, 1.00, 1.00, 1.00, 1.00, 1.00, 1.00, 1.00, 0.80, 1.00, 1.00, 1.00, 1.00, 1.00, 1.00, 0.90, 1.00, 0, 1.00, 0, 0, 1.00, 1.00),
	(5, 'Biologe', 'Der Biologe steigert durch seine gentechnischen Experimente den Ertrag deiner Gewächshäuser und sorgt für ein rascheres Bevölkerungswachstum.', 1, 100000, 100000, 100000, 100000, 100000, 100000, 7, 1.00, 1.00, 1.00, 1.00, 1.30, 1.00, 1.30, 1.00, 1.00, 1.00, 1.00, 1.00, 1.00, 1.00, 1.00, 1.00, 0, 1.00, 0, 0, 1.00, 1.00),
	(6, 'Spion', 'Der Spion ist ein Meister der Tarnung und Informationsbeschaffung. Durch seine Tricks ist es möglich, mehr Informationen über den Gegner herauszufinden und die eigenen Schiffe besser zu tarnen.', 1, 100000, 100000, 100000, 100000, 100000, 100000, 7, 1.00, 1.00, 1.00, 1.00, 1.00, 1.00, 1.00, 0.90, 1.00, 1.00, 1.00, 1.00, 1.00, 1.00, 1.00, 1.00, 0, 1.00, 3, 2, 1.00, 1.00),
	(7, 'Meisterhändler', 'Durch das Verhandlungsgeschick des Meisterhändlers fallen im Markt keine zusätzlichen Kosten an, er hat weniger Handelsbeschränkungen und seine Handelsschiffe fliegen schneller als alle anderen.', 1, 100000, 100000, 100000, 100000, 100000, 100000, 7, 1.00, 1.00, 1.00, 1.00, 1.00, 1.00, 1.00, 1.00, 1.00, 1.00, 1.00, 1.00, 1.00, 1.00, 1.00, 1.00, 0, 1.00, 0, 0, 6.00, 0.00),
	(8, 'Chemiker', 'Der Chemiker kennt sich mit der Herstellung synthetischer und radioaktiver Rohstoffe aus. Durch sein Wissen im Bereich chemischer Herstellungsverfahren kann die Produktion von PVC und Tritium merklich gesteigert werden.', 1, 100000, 100000, 100000, 100000, 100000, 100000, 7, 1.00, 1.00, 1.25, 1.15, 1.00, 1.00, 1.00, 1.00, 1.00, 1.00, 1.00, 1.00, 1.00, 1.00, 1.00, 1.00, 0, 1.00, 0, 0, 1.00, 1.00),
	(9, 'Nulldummy', 'Nicht löschen', 0, 0, 0, 0, 0, 0, 0, 14, 1.00, 1.00, 1.00, 1.00, 1.00, 1.00, 1.00, 1.00, 1.00, 1.00, 1.00, 1.00, 1.00, 1.00, 1.00, 1.00, 0, 1.00, 0, 0, 1.00, 1.00),
	(10, 'Architekt', 'Der Architekt hilft mit seinem Wissen bei der Planung und Konstruktion komplexer Bauprojekte. Aufgrund seiner langjährigen Erfahrung können Bauten unter seiner Leitung schneller realisiert werden.', 1, 100000, 100000, 100000, 100000, 100000, 100000, 7, 1.00, 1.00, 1.00, 1.00, 1.00, 1.00, 1.00, 1.00, 0.90, 1.00, 1.00, 1.00, 1.00, 1.00, 1.00, 1.00, 0, 1.00, 0, 0, 1.00, 1.00);
/*!40000 ALTER TABLE `specialists` ENABLE KEYS */;

-- Exportiere Struktur von Tabelle etoa_round16.technologies
CREATE TABLE IF NOT EXISTS `technologies` (
  `tech_id` int(10) unsigned NOT NULL AUTO_INCREMENT,
  `tech_name` varchar(50) NOT NULL,
  `tech_type_id` tinyint(1) unsigned NOT NULL DEFAULT '1',
  `tech_shortcomment` text NOT NULL,
  `tech_longcomment` text NOT NULL,
  `tech_costs_metal` int(10) unsigned NOT NULL DEFAULT '0',
  `tech_costs_crystal` int(10) unsigned NOT NULL DEFAULT '0',
  `tech_costs_fuel` int(10) unsigned NOT NULL DEFAULT '0',
  `tech_costs_plastic` int(10) unsigned NOT NULL DEFAULT '0',
  `tech_costs_food` int(10) unsigned NOT NULL DEFAULT '0',
  `tech_costs_power` int(10) unsigned NOT NULL DEFAULT '0',
  `tech_build_costs_factor` decimal(4,2) unsigned NOT NULL DEFAULT '0.00',
  `tech_last_level` tinyint(3) unsigned NOT NULL DEFAULT '99',
  `tech_show` tinyint(1) unsigned NOT NULL DEFAULT '1',
  `tech_order` tinyint(3) unsigned NOT NULL DEFAULT '0',
  `tech_stealable` tinyint(1) unsigned NOT NULL DEFAULT '1',
  PRIMARY KEY (`tech_id`),
  KEY `tech_name` (`tech_name`),
  KEY `tech_order` (`tech_order`)
) ENGINE=MyISAM AUTO_INCREMENT=26 DEFAULT CHARSET=utf8;

-- Exportiere Daten aus Tabelle etoa_round16.technologies: 23 rows
/*!40000 ALTER TABLE `technologies` DISABLE KEYS */;
REPLACE INTO `technologies` (`tech_id`, `tech_name`, `tech_type_id`, `tech_shortcomment`, `tech_longcomment`, `tech_costs_metal`, `tech_costs_crystal`, `tech_costs_fuel`, `tech_costs_plastic`, `tech_costs_food`, `tech_costs_power`, `tech_build_costs_factor`, `tech_last_level`, `tech_show`, `tech_order`, `tech_stealable`) VALUES
	(7, 'Spionagetechnik', 4, 'Je höher die Spionagetechnik ist, desto mehr können Spionagesonden über gegnerische Planeten herausfinden.', 'Spionage ist die Auskundschaftung und Erlangung von fremden, wohlgehüteten Geheimnissen oder Wissen von fremden Planeten. Die erlangten Informationen werden dann in den eigenen wirtschaftlichen, politischen oder militärischen Machtbereich eingeführt, ohne dass eine eigenständige Erforschung erfolgen müsste. Annähernd sämtliche Imperien bedienen sich der Spionage oder "nachrichtendienstlicher Mittel", um andere Völker \r\n(unabhängig der feindseligen oder freundlichen Einstellung zum eigenen Volk) auszuspionieren.\r\nEine weitere nützliche Eigenschaft der Spionagetechnik ist das Enttarnen von feindlichen Angriffen, welche mit höherer Spionagetechnik schneller vonstatten geht.', 750, 370, 150, 520, 0, 0, 1.50, 50, 1, 1, 1),
	(8, 'Waffentechnik', 2, 'Jede Ausbaustufe erhöht die Stärke der Waffen bei Raumschiffen und Verteidigungsanlagen.', 'Durch die Erforschung der Waffentechnik können neue und stärkere Waffen für Raumschiffe und Verteidigungsanlagen gebaut werden.\r\nPro Ausbaustufe erhöht sich die Angriffskraft deiner Schiffe und Verteidigungsanlagen um 10%.', 250, 800, 550, 200, 0, 0, 1.80, 50, 1, 1, 1),
	(4, 'Wasserstoffantrieb', 1, 'Einfacher Antrieb für Raumschiffe', 'Ein Wasserstoffantrieb nutzt Wasserstoff als Treibstoff. Dieser wird durch Elektrolyse von Wasser, Reformation von Methanol oder durch Dampfreformation von Erdgas gewonnen.', 500, 300, 250, 50, 0, 0, 1.50, 50, 1, 0, 1),
	(5, 'Ionenantrieb', 1, 'Hoch entwickelter Antrieb für Spezialschiffe. Er ist weniger schnell als der Wasserstoffantrieb, dafür kostensparend.', 'Ein Ionenantrieb ist ein Antrieb für Raumfahrzeuge, bei dem die Abstossung von einem Ionenstrahl zur Fortbewegung genutzt wird. Es werden auch je nach Energiequelle die Begriffe \\"solar-elektrischer Antrieb\\" bzw. \\"Solar Electric Propulsion\\" \n(SEP) und \\"nuklear-elektrischer Antrieb\\" bzw. \\"Nuclear Electric Propulsion\\" \n(NEP) verwendet.\r\nDer Ionenstrahl besteht aus einem elektrisch geladenen Gas \n(z.B. Xenon). Erzeugt wird der Ionenstrahl durch ionisierte Gasteilchen, die in einem elektrischen Feld oder mittels einer Kombination eines elektrischen Feldes und eines Magnetfeldes unter Ausnutzung des Hall-Effektes beschleunigt und dann in Form eines Strahls ausgestossen werden. Die Energie zur Erzeugung der Felder wird üblicherweise mit Hilfe von Solarzellen gewonnen. Als Treibstoff des Ionenantriebs dient sowohl das Gas als auch die zusätzlich benötigte elektrische Energie.\r\nDer Vorteil des Ionenantriebs gegenüber dem chemischen Antrieb liegt darin, dass er weniger Treibstoff verbraucht, weil die Geschwindigkeit der austretenden Teilchen wesentlich grösser ist.', 1000, 1500, 800, 300, 0, 0, 1.50, 50, 1, 1, 1),
	(6, 'Hyperraumantrieb', 1, 'Sehr schneller Antrieb für grosse Schiffe, der den Hyperraum als Transportmedium benutzt.', 'Der Hyperraumantrieb schafft eine technisch hervorgerufene Abkürzung zwischen weit entfernten Punkten in der Raumzeit. Die Idee ist dabei folgende: Um den Weg vom Nordpol zum Südpol abzukürzen, reise man quer durch die Erde, anstatt entlang der Oberfläche. Der Weg durch die Erde \n(in die dritte Dimension) ist kürzer als der Weg auf der \n(zweidimensionalen) Erdoberfläche. Genauso könnte man sich vorstellen, dass unsere Raumzeit auch in einen höherdimensionalen Hyperraum eingebettet ist \n(wie die Erdoberfläche in den Raum), und man daher durch den Hyperraum abkürzen könnte. Auch hier würde man \n(im Hyperraum) nicht schneller als Lichtgeschwindigkeit fliegen müssen, um schneller als das Licht im Normalraum am Ziel anzukommen.\r\nDiese Antriebstechnologie wird heute für fast jedes grosse und träge Schiff eingesetzt.', 4000, 6000, 1500, 5500, 0, 0, 1.80, 50, 1, 3, 1),
	(3, 'Energietechnik', 4, 'Diese Technologie dient zur Erforschung neuer Arten der Energiegewinnung.', 'Durch die Unterstützung der Energietechnik können neue Arten der Energiegewinnung erforscht werden.', 300, 250, 30, 50, 0, 0, 1.50, 50, 1, 0, 1),
	(9, 'Panzerung', 2, 'Jede Ausbaustufe erhöht die Stärke der Panzerung bei Raumschiffen und Verteidigungsanlagen.', 'Jedes Schiff und jede Verteidigungsanlage besitzen eine Panzerung zum Schutz vor feindlichen Angriffen. Pro Ausbaustufe erhöht diese Technologie die Panzerung, auch genannt Struktur, um 10%.', 1000, 150, 320, 270, 0, 0, 1.80, 50, 1, 2, 1),
	(10, 'Schutzschilder', 2, 'Jede Ausbaustufe erhöht die Stärke der Schutzschilder bei Raumschiffen und Verteidigungsanlagen.', 'Ein Schutzschild schützt deine Raumschiffe und Verteidigungsanlagen vor feindlichem Beschuss.\r\nPro Ausbaustufe erhöht sich die Effizienz von den Schutzschildern um 10%.', 290, 330, 250, 950, 0, 0, 1.80, 50, 1, 3, 1),
	(11, 'Tarntechnik', 2, 'Durch eine hohe Tarntechnik können deine Flotten eine gewisse Zeit vor dem Gegner verborgen bleiben.', 'Die Kriegsära hat begonnen; die Völker erforschen Technologien, mit welchen sie dem Gegner in einem allfälligen Kampf überlegen sind. Die Tarntechnik ist eigentlich schon eine uralte Waffe, welche den Überraschungseffekt ausnutzt, um so eine bessere Ausgangsposition zu haben; doch erst jetzt ist es wirklich möglich, seine Schiffe von der gegnerischen Flottenkontrolle zu verstecken.\r\nJe höher diese Technologie erforscht ist, desto länger bleiben die Schiffe für den Gegner unentdeckt.', 1500, 750, 250, 800, 0, 0, 1.50, 50, 1, 4, 1),
	(12, 'Recyclingtechnologie', 4, 'Ermöglicht eine effiziente Wiederverwertung von alten Verteidigungsanlagen und Schiffen.', 'Lange Zeit hatte man eine Technik gesucht, welche verbaute Rohstoffe wieder verwerten kann. Nach jahrelanger Forschung wurde ein Verfahren entwickelt, das Schiffe und Verteidigungsanlagen recyceln kann. Jedoch ist diese Technologie in der Anfangsphase noch sehr ineffizient.\r\nDies kann aber mit der Weiterentwicklung ein wenig eingedämpft werden. Man weiss jedoch, dass die Materialien nie zu 100% recycelt werden können.', 12000, 20000, 2000, 8000, 0, 0, 1.90, 50, 1, 2, 1),
	(13, 'Rettungskapseln', 2, 'Je höher die Rettungskapseln entwickelt sind, desto mehr Piloten können sich retten, wenn ihr Schiff bei einem Kampf zerstört wird. ', 'Je höher die Rettungskapseln entwickelt sind, desto mehr Piloten können sich retten, wenn ihr Schiff bei einem Kampf zerstört wird.\r\nEinige Schiffe können nur gebaut werden, wenn gute Rettungskapseln an Bord sind.\r\nUm Grosse Schiffe zu bauen, muss man die Rettungskapseln entwickelt haben.', 12000, 2000, 3000, 8000, 2000, 0, 1.90, 50, 0, 5, 1),
	(14, 'Kraftstoffantrieb', 1, 'Verbesserter Wasserstoffantrieb, der mit einer Mischung aus Tritium und Asteroidenteilchen arbeitet. ', 'Verbesserter Wasserstoffantrieb, der mit einer Mischung aus Tritium und Asteroidenteilchen arbeitet. Dieser Antrieb ermöglicht es grösseren Schiffen, sich schneller fortzubewegen.', 25500, 7752, 19347, 10474, 0, 0, 1.30, 50, 1, 2, 1),
	(15, 'Bombentechnik', 3, 'Mit Hilfe dieser Technik wird die Effektivität von Bombenangriffen gesteigert.', 'Längst hat man rausgefunden, dass das alleinige Zerstören von gegnerischen Flotten nicht mehr unbedingt den gewünschten Effekt hat.\r\nForscher haben aus diesem Grund eine neuartige Waffe entwickelt, mit der es möglich ist, fremde Gebäude zu bombardieren und so den Gegner wieder ins industrielle Mittelalter zu befördern.\r\nDiese Methode der Kriegsführung ist aber noch sehr jung, und deshalb ist die Chance auf eine erfolgreiche Bombardierung noch nicht allzu hoch.\r\nDurch die Erforschung der Bombentechnik wird diese aber deutlich gesteigert.', 13000, 26000, 8000, 13000, 0, 0, 1.75, 50, 1, 0, 1),
	(16, 'Rassentechnik', 4, 'Mit der Rassentechnologie kann jede Rasse ihre rassenspezifischen Objekte bauen.', 'Mit der Rassentechnologie kann jede Rasse ihre rassenspezifischen Objekte bauen. Je höher sie erforscht ist, desto bessere und stärkere Rassenobjekte können gebaut werden.', 1000, 1000, 1000, 1000, 1000, 0, 1.50, 50, 1, 3, 1),
	(17, 'EMP-Technik', 3, 'EMP-Bomben löst einen Elektromagnetischen Impuls aus, welcher elektrische Einrichtungen ausser Betrieb setzen kann.', 'Je länger je mehr schützen die Völker ihre Schiffe, indem sie sie ständig auf Erkundungsflüge schicken und so für den Gegner unerreichbar machen.\r\nEin Forschungsteam der Rigelianer hat es sich zur Aufgabe gemacht, diese Strategie zu vernichten.\r\nNach langen Forschungen haben sie ein Schiff entwickelt, mit dem es möglich ist, ganze Einrichtungen unbrauchbar zu machen.\r\nEin elektromagnetischer Impuls setzt alle elektronischen Geräte ausser Gefecht. Mit Hilfe dieser brillianten Waffe kann man nun dem Gegner beispielsweise die Flottenkontrolle lahm legen und den Schiffen den Abflug vom Planeten verweigern.\r\nJedoch ist auch diese Technologie noch nicht ganz ausgereift; so muss man sich beispielsweise mit einer kurzfristigen Deaktivierung zufrieden geben. Durch die Weiterentwicklung der EMP Technologie erhöht sich jedoch die Effizienz des Angriffes.', 15000, 15000, 10000, 15000, 0, 0, 1.70, 50, 1, 1, 1),
	(18, 'Gifttechnik', 3, 'Diese Technologie wird für B- und C- Waffen gebraucht.', 'Die Gifttechnologie ist eine Massenvernichtungswaffe für Bewohner. Durch Zerstörung der Nervenbahnen und allmähliches Verringern der Wahrnehmungsfähigkeit lässt das Gift die Bewohner erkranken und kurze Zeit später an den Folgen sterben. Eine grausame, aber sehr effektive Waffe.\r\nDie Weiterentwicklung ermöglicht einen noch präziseren Einsatz der Gifte.', 10000, 10000, 5000, 20000, 0, 0, 1.50, 50, 1, 2, 1),
	(19, 'Regenatechnik', 2, 'Neuartige Materialien ermöglichen gewissen Schiffen, sich während dem Kampf teilweise zu reparieren.', 'Das Heilen von Schiffen war schon immer sehr schwierig und wird sich wohl erst in Zukunft bei einer neuen Generation von Schiffen durchsetzen.\r\nBisher ist es nur einer einzigen Rasse gelungen, ein Schiff herzustellen, welches die eigene Flotte im Kampf heilen kann.\r\nEiner anderen Rasse ist es inzwischen gelungen, diesselbe Technologie für ihre Verteidigungsanlagen anzuwenden.\r\nDurch die Erhöhung der Technologie kann deren Effizienz gesteigert werden.', 600, 600, 300, 300, 0, 0, 1.80, 50, 1, 3, 1),
	(20, 'Warpantrieb', 1, 'Die Warpgondeln eines Raumschiffes erzeugen ein Feld, welches den Raum krümmt und so das Schiff extrem beschleunigt.', 'Jede Rasse hat nach einer gewissen Zeit angefangen, ihre eigenen Schiffe zu bauen. Eine uns unbekannte Rasse hat den Warpantrieb entwickelt. Die uns bekannten Rassen konnten ihn jedoch nur bedingt anwenden. So sind ihre Schiffe nicht ganz so schnell wie sie eigentlich sein könnten. Die Warpgondeln eines Raumschiffes erzeugen ein Feld, welches den Raum krümmt und so das Schiff extrem beschleunigt.', 6000, 4500, 2000, 5500, 0, 0, 1.70, 50, 1, 5, 1),
	(21, 'Solarantrieb', 1, 'Hinter dem unspektakulären Namen steckt eine sehr sparsame und interessante Technik. ', 'Hinter dem unspektakulären Namen steckt eine sehr sparsame und interessante Technik. Schiffe mit einem Solarantrieb können während dem Flug ihr Triebwerk ausschalten und ein riesiges Sonnensegel ausfahren, wodurch sie vom Sonnenwind mit unglaublicher Geschwindigkeit durchs All getragen werden.\r\nDie Erforschung ist nicht sehr billig, jedoch birgt es einen unschlagbaren Vorteil. Die Schiffe verbrauchen viel weniger Treibstoff für den Flug. Es soll sogar Schiffe geben, die allein mit den Solarzellen die benötigte Energie zum Flug aufbringen und so ohne Tritiumverbrauch fliegen können.', 2100, 1300, 1100, 300, 0, 0, 1.80, 50, 1, 4, 1),
	(22, 'Wurmlochforschung', 3, 'Ermöglicht einer Flotte das Reisen durch Wurmlöcher. Dadurch wird die Flugzeit einer Flotte enorm verkürzt.', 'Wurmlöcher sind topologische Konstrukte, die weit voneinander entfernt liegende Bereiche des Universums durch eine \\\'Abkürzung\\\' verbinden. Ein Ende eines Wurmlochs erscheint dem Beobachter als Kugel, die ihm die Umgebung des anderen Endes zeigt. Obwohl ein durch ein Wurmloch Reisender nie die Lichtgeschwindigkeit überschreiten würde, hätte in Bezug auf die betreffenden Start- und Zielbereiche eine Reise mit Überlichtgeschwindigkeit stattgefunden. Durch die Erforschung der Wurmlöcher gelang es Wissenschaftlern, Technologien für das Reisen durch Wurmlöcher zu entwickeln und somit die Flugzeit enorm zu verkürzen. Ob die zwei Wurmlochenden eines Lochs immer miteinander verknüpft bleiben oder ob  die Verknüpfungen von Zeit zu Zeit ändern, ist Gegenstand aktueller Untersuchungen.\r\nBisher ist es den Forschern jedoch noch nicht gelungen, ein solches Wurmloch länger als ein paar Tage offen zu halten.', 100000, 120000, 175000, 290000, 250000, 0, 1.60, 1, 1, 5, 1),
	(23, 'Gentechnik', 3, 'Durch die Manipulierung der Gene ist es möglich, die Leistung der Arbeiter zu steigern und so die Bauzeit zu verringern.', 'Den Forschern ist ein absoluter Durchbruch im Bereich Genforschung gelungen. Bisher waren alle genmanipulierten Arbeiterversuche fehlgeschlagen und die meisten Versuchsobjekte überlebten dieses Experiment nicht. Doch nun gelang mit Hilfe von Hochpräzisionsmaschinen eine genetische Veränderung, sodass die Arbeiter zu höheren Leistungen fähig sind.\r\nDies hat zur Folge, dass die Bauzeit von jeglichen Produkten nochmals gesenkt werden kann.\r\nDiese revolutionäre Errungenschaft hat aber ihren Preis, denn der Eingriff ist extrem zeit- und kostenaufwändig. Viele Wissenschaftler sind sich aber dennoch einig, dass es sich allemal lohnt, diese Technologie zu verbessern und zu perfektionieren.', 95000000, 57000000, 36100000, 38000000, 19000000, 0, 2.00, 8, 1, 6, 0),
	(24, 'Raketentechnik', 3, 'Das Wissen um diese Technologie in Verbindung mit dem Raketensilo ermöglichen es, Raketen zu konstruieren.', 'Damit Raketen eingesetzt werden können, muss zuerst die Raketetechnik erforscht sein. Je höher die Raketentechnik erforscht ist, desto bessere und effektivere Raketen können gebaut werden.', 30000, 60000, 400000, 20000, 0, 0, 1.20, 10, 1, 6, 1),
	(25, 'Computertechnik', 4, 'Mit Computern können Forscher komplexe Gleichungssysteme lösen, um genauere Flugbahnen zu berechnen.', 'Mit Hilfe der Computerwissenschaft können Forscher komplexe Gleichungssysteme lösen, um damit zum Beispiel genaue Flugbahnen zu berechnen. Dies kann zu einem Vorteil in der gegnerischen Flottenüberwachung führen oder eine bessere Steuerbarkeit von Raketen ermöglichen.', 500, 5000, 0, 3000, 0, 0, 1.30, 15, 1, 4, 1);
/*!40000 ALTER TABLE `technologies` ENABLE KEYS */;

-- Exportiere Struktur von Tabelle etoa_round16.tech_requirements
CREATE TABLE IF NOT EXISTS `tech_requirements` (
  `id` int(10) unsigned NOT NULL AUTO_INCREMENT,
  `obj_id` int(10) unsigned NOT NULL DEFAULT '0',
  `req_building_id` int(10) unsigned NOT NULL DEFAULT '0',
  `req_tech_id` int(10) unsigned NOT NULL DEFAULT '0',
  `req_level` tinyint(3) unsigned NOT NULL DEFAULT '1',
  PRIMARY KEY (`id`),
  UNIQUE KEY `obj_id` (`obj_id`,`req_building_id`,`req_tech_id`)
) ENGINE=MyISAM AUTO_INCREMENT=51 DEFAULT CHARSET=utf8;

-- Exportiere Daten aus Tabelle etoa_round16.tech_requirements: 42 rows
/*!40000 ALTER TABLE `tech_requirements` DISABLE KEYS */;
REPLACE INTO `tech_requirements` (`id`, `obj_id`, `req_building_id`, `req_tech_id`, `req_level`) VALUES
	(48, 3, 8, 0, 1),
	(2, 4, 8, 0, 4),
	(3, 4, 9, 0, 2),
	(4, 5, 8, 0, 5),
	(5, 5, 9, 0, 4),
	(6, 6, 8, 0, 8),
	(7, 6, 11, 0, 6),
	(8, 6, 9, 0, 6),
	(49, 7, 8, 0, 3),
	(50, 8, 8, 0, 4),
	(11, 9, 8, 0, 4),
	(12, 10, 8, 0, 4),
	(17, 12, 8, 0, 7),
	(18, 12, 0, 3, 5),
	(19, 13, 11, 0, 4),
	(20, 13, 0, 5, 2),
	(21, 14, 0, 4, 6),
	(22, 14, 8, 0, 6),
	(23, 11, 8, 0, 5),
	(24, 11, 0, 7, 6),
	(25, 15, 8, 0, 8),
	(26, 17, 8, 0, 8),
	(27, 20, 9, 0, 5),
	(28, 20, 8, 0, 4),
	(29, 18, 8, 0, 8),
	(30, 19, 8, 0, 8),
	(31, 16, 8, 0, 5),
	(32, 21, 8, 0, 6),
	(33, 21, 9, 0, 5),
	(34, 21, 0, 3, 6),
	(35, 22, 8, 0, 10),
	(36, 22, 0, 6, 9),
	(37, 22, 0, 3, 10),
	(38, 22, 0, 10, 11),
	(39, 23, 8, 0, 12),
	(40, 23, 7, 0, 15),
	(41, 24, 8, 0, 10),
	(42, 24, 0, 3, 9),
	(44, 24, 0, 4, 10),
	(45, 24, 0, 14, 10),
	(46, 25, 0, 3, 5),
	(47, 25, 13, 0, 6);
/*!40000 ALTER TABLE `tech_requirements` ENABLE KEYS */;

-- Exportiere Struktur von Tabelle etoa_round16.tech_types
CREATE TABLE IF NOT EXISTS `tech_types` (
  `type_id` int(10) unsigned NOT NULL AUTO_INCREMENT,
  `type_name` varchar(50) NOT NULL,
  `type_order` tinyint(3) unsigned NOT NULL DEFAULT '0',
  `type_color` char(7) NOT NULL DEFAULT '#ffffff',
  PRIMARY KEY (`type_id`),
  KEY `type_name` (`type_name`)
) ENGINE=MyISAM AUTO_INCREMENT=5 DEFAULT CHARSET=utf8;

-- Exportiere Daten aus Tabelle etoa_round16.tech_types: 4 rows
/*!40000 ALTER TABLE `tech_types` DISABLE KEYS */;
REPLACE INTO `tech_types` (`type_id`, `type_name`, `type_order`, `type_color`) VALUES
	(1, 'Antriebstechniken', 1, '#ffffff'),
	(2, 'Kriegstechnologien', 2, '#ffffff'),
	(4, 'Allgemeine Technologien', 0, '#ffffff'),
	(3, 'Hi - Technologien', 3, '#ffffff');
/*!40000 ALTER TABLE `tech_types` ENABLE KEYS */;

-- Exportiere Struktur von Tabelle etoa_round16.ticket_cat
CREATE TABLE IF NOT EXISTS `ticket_cat` (
  `id` smallint(5) unsigned NOT NULL AUTO_INCREMENT,
  `name` varchar(80) NOT NULL,
  `sort` tinyint(4) NOT NULL DEFAULT '0',
  PRIMARY KEY (`id`)
) ENGINE=MyISAM AUTO_INCREMENT=21 DEFAULT CHARSET=utf8;

-- Exportiere Daten aus Tabelle etoa_round16.ticket_cat: 19 rows
/*!40000 ALTER TABLE `ticket_cat` DISABLE KEYS */;
REPLACE INTO `ticket_cat` (`id`, `name`, `sort`) VALUES
	(1, 'Beleidigung in Nachricht', 6),
	(2, 'Rathaus-Missbrauch', 7),
	(3, 'Missachtung der Angriffsregeln', 2),
	(4, 'Pushing-Verdacht', 3),
	(5, 'Cheat-Verdacht', 4),
	(6, 'Bugusing-Verdacht', 5),
	(7, 'Anstössiges Bild', 8),
	(8, 'Sonstiger Regelverstoss', 9),
	(9, 'Änderung meiner fixen E-Mail-Adresse', 11),
	(10, 'Änderung meines Namens (Accountübergabe)', 12),
	(11, 'Probleme mit einer Flotte (Ungültige Koordinaten, hängenbleibende Flotte)', 13),
	(12, 'Problem mit der Allianz (Ränge, Forum, Bündnisse, Auslösung etc)', 14),
	(15, 'Probleme mit den Account-Einstellungen (Design, Urlaubsmodus etc)', 15),
	(14, 'Anderes Problem', 20),
	(16, 'Verdacht auf Accounthacking', 16),
	(17, 'Probleme mit meinem Passwort', 17),
	(18, 'Änderung meines Dualspielers', 10),
	(19, 'Aufteilen eines Trümmerfeldes', 1),
	(20, 'Melden eines Bugs (Fehler im Spiel)', 0);
/*!40000 ALTER TABLE `ticket_cat` ENABLE KEYS */;

-- Exportiere Struktur von Tabelle etoa_round16.tutorial_texts
CREATE TABLE IF NOT EXISTS `tutorial_texts` (
  `text_id` int(10) unsigned NOT NULL AUTO_INCREMENT,
  `text_tutorial_id` int(11) NOT NULL,
  `text_title` varchar(255) COLLATE utf8_unicode_ci NOT NULL,
  `text_content` text COLLATE utf8_unicode_ci NOT NULL,
  `text_step` tinyint(2) unsigned NOT NULL DEFAULT '0',
  PRIMARY KEY (`text_id`)
) ENGINE=MyISAM AUTO_INCREMENT=19 DEFAULT CHARSET=utf8 COLLATE=utf8_unicode_ci;

-- Exportiere Daten aus Tabelle etoa_round16.tutorial_texts: 17 rows
/*!40000 ALTER TABLE `tutorial_texts` DISABLE KEYS */;
REPLACE INTO `tutorial_texts` (`text_id`, `text_tutorial_id`, `text_title`, `text_content`, `text_step`) VALUES
	(1, 1, 'Willkommen', 'Willkommen, werter neuer Imperator in den Galaxien Andromedas!\r\n\r\nDer Grundgedanke des Spieles (wie bei fast allen Aufbau-Browsergames) liegt darin, durch Rohstoffe Gebäude und Schiffe zu bauen. Bei EtoA jedoch sind die Möglichkeiten ungleich größer und vielfältiger. Dieses Tutorial soll euch ein wenig Entscheidungshilfe geben, erfolgreich den Wirren des Universums zu trotzen.\r\n\r\nDie Gliederung ist wie folgt:\r\n\r\n- Einführung in die Rohstoffe\r\n- Einführung in grundsätzliche Spielweisen\r\n- Entscheidungshilfe zu den Rassen\r\n- Entscheidungshilfe zu den Planeten\r\n- Grundsätzliches zum Aufbau deines Startplaneten\r\n\r\n', 0),
	(2, 1, 'Die Rohstoffe (1/2)', 'Es gibt in EtoA fünf verschiedene Arten von Rohstoffen:\r\n\r\n[list][*][b]Titan[/b], Grundstoff zum Bau von fast Allem. Wird mit fortschreitendem Spiel zum Massenprodukt[*][b]Silizium[/b], für Forschung und Schiffe. Zu Beginn eher rar, wird aber im weiteren Verlauf auch zum Massenprodukt.[*][b]PVC[/b], Man meint man hat genug, aber wenn man es dann braucht (vor allem für den Schiffsbau) hat man immer zu wenig.[*][b]Tritium[/b], als Treibstoff überlebensnotwendig. Aber auch zur Forschung wichtig. Ist selten reichlich vorhanden, auch im späteren Spiel keine Massenware. Gut zum Handeln.[*][b]Nahrung[/b], wichtig zum schnelleren Bauen von Minen, Schiffen, Forschung und natürlich zum Verschicken von Schiffen. Denn ohne Nahrung wird kein Pilot ein Schiff besteigen.[/list]\r\nDiese Rohstoffe können grundsätzlich auf jedem Planeten produziert werden. Durch geschickte Wahl des Sternensystems und des Planeten kann die Produktion einiger Rohstoffe stark erhöht werden, allerdings meist zu Lasten eines anderen Rohstoffes. Genaueres liefert die Hilfe.', 1),
	(3, 1, 'Die Rohstoffe (2/2)', 'Mit den passenden Schiffen kann man Rohstoffe auch im Weltall sammeln, grundsätzlich kann jede Rasse sammeln gehen. Einige Rassen haben jedoch Spezialschiffe, welche dafür besser geeignet sind. Auch hier hilft die Hilfe.\r\nSammeln kann man\r\n[list][*][b]Asteroiden[/b] (Titan, Silizium, PVC)[*][b]Sternennebel[/b] (Silizium)[*][b]Gasplaneten[/b] (Tritium)[*][b]Trümmerfelder[/b] durch Kämpfe (Titan, Silizium, PVC)[/list]', 2),
	(4, 1, 'Die grundsätzlichen Spielweisen', 'Das ganze Sammeln ist natürlich zeitaufwendig und reicht auf keinen Fall aus um einen Account ausbauen zu können. Dies bringt uns zum nächsten Teil des Tutorials:\r\n\r\nEs gibt drei grundsätzliche Spielweisen: der Miner, der Fleeter und der Händler.\r\n\r\nNatürlich kann man (und wird man wohl) einen Mix spielen, je nachdem wieviel Zeit man hat oder wo die eigenen Ziele liegen.', 3),
	(18, 1, 'Sterne und Planeten (2/2)', 'Grundsätzlich zu empfehlen ist ein gelber Stern, da er folgende Boni mitbringt:\r\n\r\n+35% Titan\r\n+30% Silizium\r\n+10% PVC\r\n\r\nDazu nehmen wir evtl. einen Eisplaneten:\r\n\r\n+10% Titan\r\n+30% Silizium\r\n+25% PVC\r\n+30% Tritium\r\n\r\nDie Kombination Gelb/Eis ergibt somit:\r\n\r\n+45% Titan\r\n+60% Silizium\r\n+35% PVC\r\n+30% Tritium\r\n\r\nDamit läßt sich zu Beginn ganz gut leben. Nicht verschweigen darf man jedoch den Malus von -25% auf Nahrung und die um 10% erhöhte Bauzeit. Zu Beginn sind diese Werte vernachlässigbar, im Laufe des Spieles kann das ganz anders aussehen.\r\nFerner kann man durch die Wahl der Rasse die Werte ebenfalls noch verändern. Nimmt man zb den Cardassianer mit +60% Nahrung bekommt man einen Bonus von +35% Nahrung bei obiger Kombo. Allerdings auch 10% weniger an Titan/Silizium. Und man hat die Mali/Boni der Rasse dann bei jedem Planeten.\r\n', 9),
	(5, 1, 'Die Wahl der Rasse', 'Sofern ihr euch jetzt in einem der Profile wiedergefunden habt, solltet ihr euch der Rassenwahl zuwenden.\r\n\r\nEs gibt in EtoA zehn verschiedene Rassen, alle haben einen Bonus oder Malus auf die Produktion bestimmter Rohstoffe. Eine Tabelle findest du in der Hilfe unter Rassen. Alternativ gibt es hier: [url=https://forum.etoa.ch/index.php?page=Thread&postID=109262#post109262]im Forum[/url] einen Rechner, der dich dabei unterstützen kann. Ferner hat jede Rasse spezielle Schiffe, welche nur von dieser Rasse gebaut werden können. Auch hier bitte die Hilfe aufrufen.\r\n\r\nEine kleine Entscheidungshilfe mit Beispiel:\r\n\r\nLiegt einem eher die Spielweise des Händlers, sollte man eine Rasse wählen, die einen Bonus auf einen eher seltenen Rohstoff hat oder die Schiffe besitzt, mit denen man effektiver im Weltall sammeln gehen kann. (Bsp. Vorgone, Terraner)\r\nIst man eher der Fleeter, sollte man eine Rasse wählen, die schnelle/günstige oder Schiffe mit Spezialfunktionen bauen kann. (Bsp. Minbari, Cardassianer)\r\nAls Miner ist evtl. die Rasse Serrakin interessant, da sie effektive Verteidigungsanlagen bauen kann. Oder man sucht eine Rasse mit hohem Silizium/Titan Bonus.\r\nNatürlich gibt es für jeden Zweck auch andere Rassen, hier sollte jeder schauen welche Rasse ihm am besten liegt, um seine Spielweise am ehesten zu unterstützen (Grundsätzlich ist es am Anfang aber eh ein Ausprobieren und nach Bauchgefühl spielen). Durch geschicktes Kombinieren der Rasse und der Planeten kann man sogar gute Rohstoff-Boni + besondere Schiffe bekommen. Zwar wird man nie ein Top-Fleeter mit Top-Boni sein, aber man kann auf jeden Fall näher herankommen.', 7),
	(6, 1, 'Sterne und Planeten (1/2)', 'Das bringt uns zum nächsten Punkt für einen erfolgreichen Einstieg: Die Sterne und Planeten\r\n\r\nIn EtoA gibt es 7 Arten von Sternen und 6 Arten von Planeten. Ein Sternensystem kann verschiedene Planeten beinhalten. Dabei wird jeder Planet den Einflüssen des Sternes ausgesetzt, dh. Die Boni/Mali des Sternes werden in die Berechnung der Boni/Mali der Planeten im Sternensystem mit einbezogen.\r\nJedes Imperium kann aus max. 15 Planeten bestehen. Jeder Planet gehört dir alleine. Welche Kombination du dir im weiteren Verlauf aussuchst und besiedelst hängt von deiner Spielweise ab. So kann man zb. die Kolonien nahe beieinander legen (kurze Flugzeit für Ressourcen-Transport), oder man nimmt nur eine Kombo und muss dann vll. weiter fliegen weil es diese nicht überall gibt.\r\n\r\nViel entscheidender ist die Wahl der Startkombination, auch wenn sie vielleicht nicht die Optimale für die weitere Spielweise ist. Ausgleichen kann man sie ja durch die Kolonien.\r\nGerade als Neuling solltest du eine Kombination auswählen, die es dir ermöglicht, zügig deinen Planeten ausbauen zu können. Boni auf Titan und Silizium sind zu Beginn sehr wichtig. Aber auch Tritium sollte nicht vergessen werden, denn ohne Treibstoff fliegt auch kein Besiedlungsschiff.\r\nEher nebensächlich sind zu Beginn Bau- bzw. Forschungs-Zeit Boni. Eine Tabelle findest du in der Hilfe. ', 8),
	(7, 1, 'Deine Entscheidung!', 'Hier nochmals eine Zusammenfassung der wichtigen Fragen:\r\n[list][*]Wieviel Zeit will/kann ich aufbringen[*]Welche Spielweise liegt mir am ehesten[*]Welche Rasse wähle ich dafür (Schiffe, Ressourcen)[*]Welche Stern/Planeten-Kombination unterstützt meine Spielweise und kann evtl. Nachteile meiner Rasse ausgleichen.[/list]\r\nNeulingen ist angeraten, den Startplaneten so zu wählen das kein Malus bei Titan oder Silizium vorhanden ist. Bei der Wahl der Kolonien kann das wieder anders aussehen.\r\n\r\nViel Erfolg, mein Imperator, möge dein Reich groß und mächtig werden und lange bestehen !\r\n\r\nDein EtoA-Team.', 10),
	(8, 2, 'Auf gehts!', 'Du hast deine Kombo gefunden? Dann geht es hier weiter mit einer kleinen Anleitung zu einem erfolgreichen Start.\r\n\r\nWICHTIG: Solltest du aus Versehen die falsche Kombination ausgewählt haben und hast du noch nichts darauf gebaut melde es einem Administrator. Er kann dir vll aus dieser misslichen Lage heraus helfen. Das ist auf jeden Fall besser als mit einer Kombination weiter zu spielen die schlechte Startmöglichkeiten hat.\r\n', 0),
	(9, 2, 'Ressourcen', 'Grundstoffe sind [b]Titan[/b](Tit) und [b]Silizium[/b](Sil). Weiterführend kommt [b]PVC[/b] dazu, am Ende benötigt man [b]Tritium[/b](Trit). [b]Nahrung[/b](Nah) dient der Bauzeitverkürzung und wird zum Fliegen benötigt. Nebenbei benötigt jede Mine auch [b]Energie[/b]. Man muss also auch diese Sparte mit ausbauen.\r\n\r\nJede Ressource baut auf die andere auf. Ohne Tit/Sili kein pvc. Ohne pvc kein Trit. Ohne Trit keine Besiedlungsschiffe.\r\nDaher ist es gerade zu Beginn sehr wichtig mit den Ressourcen sparsam umzugehen und sie sinnvoll zu verbauen.', 1),
	(10, 2, 'Die Baureihenfolge', 'Hier scheiden sich die Geister. Jeder Spieler wird eine andere Vorgehensweise haben die ihn am ehesten zu seinem Ziel führt, welches er sich zum Ziel gesetzt hat. (Profil) Auch die Boni sind ein bedeutender Faktor. Daher folgt hier eine allgemeingültige Vorgehensweise.\r\n\r\nZu Beginn habt ihr einen Grundstock an allen Ressourcen die es euch ermöglichen soweit bauen zu können, dass ihr Tit/Sil/PVC selbstständig produzieren könnt.\r\n[list][*]Zuerst Titan- und Silizium-Minen ausbauen. Wobei hier zuerst Titan, danach Sili. Sie sollten immer 2 Stufen Unterschied haben. Bsp: Titan 5, Sili 3[*]Bei 5/3 solltet ihr an die Grenze eurer Energie gestoßen sein. Daher muß jetzt ein Windkraftwerk gebaut werden. Baut dieses aber immer erst wenn die Energie nahe bei 0 ist. Das gilt auch für die weiteren Stufen.[*]Nach dem Kraftwerk sollte die PVC-Produktion um 1-2 Stufen erhöht werden, je nachdem wieviel tit/sil über ist. Ohne PVC gibt es keine Kraftwerke. Ohne Kraftwerke keine Energie. Ohne Energie wird die Produktion sämtlicher Ressourcen gedrosselt.[*]Sobald ihr Wind auf Stufe 5 habt könnt ihr mit dem Bau von Tritium-Anlagen beginnen. Dies sollte auch direkt geschehen denn ohne Trit keine Forschung, ohne Forschung keine Antriebe, ohne Antriebe kein Besiedlungsschiff. Oder aber es dauert ewig, weil ihr zu spät mit dem Ausbau von Trit begonnen habt.[*]Bewährt hat sich auch, früh die Nahrung auf Stufe 2 oder 3 zu bringen, wenn man Ress über hat. Man braucht sie zwar nicht zu Beginn, aber später kann man vll schneller forschen um sein Besiedlungsschiff zu bauen.[*]Sollte eure Bevölkerung keinen Platz mehr zum Wachsen haben, baut das Wohnmodul aus. Hier reichen aber 2 Stufen locker aus.[*]Sinnlos ist das Bauen von Speichern. Zu Beginn werdet ihr immer zuwenig als zuviel Ressourcen haben.[/list]\r\nNun sollte eure Rohstoffproduktion auf soliden Füßen stehen.', 2),
	(11, 2, 'Verteidigung', 'Leider gibt es auch in EtoA Spieler, die nach euren Ressourcen trachten. Daher ist es wichtig, nach ca. 48-60h eine Verteidigungsanlage auf eurem Planeten aufgestellt zu haben. Dazu benötigt ihr eine [b]Waffenfabrik[/b] und eine [b]Spica Flakkanone[/b]. Beides muss in der Ressourcenplanung und somit beim Ausbau bedacht werden.', 3),
	(12, 2, 'Schiffe', 'Sobald die Voraussetzungen für den Bau von Schiffen da sind, baut euch einen [b]AURIGA Explorer[/b], mit dem ihr die Sternenkarte aufdecken könnt. So findet ihr die passenden Kombos für euer TAURUS Besiedlungsschiff, das Ziel eurer Bemühungen.\r\nAllerdings braucht es dafür eine Schiffswerft, eine Flottenkontrolle und einen Ionenantrieb welcher in einem Forschungslabor erforscht werden muss.\r\n\r\nUm dies alles sinnvoll zu erreichen und auch um zügig [b]TAURUS[/b] bauen zu können hat sich folgender Ausbau bewährt:\r\n\r\nTitan 11(+1)\r\nSilizium 11(+1)\r\nPVC 10(+1)\r\nTritium 8(+1)\r\n\r\nJe nach Rasse/Stern/Planeten-Kombo kann das natürlich anders aussehen. So wird einem Rigelianer Sil 9 reichen, braucht aber tit 12 oder 13.', 4),
	(13, 2, 'Abschluss', 'Die richtige Kombo ist gefunden? Das 1. TAURUS ist unterwegs? Hoffentlich habt ihr nicht vergessen Tit/Sili zum Bau von Minen sowie soviel PVC mitzuschicken damit ihr Wind 3 bauen könnt. Denn ohne Wind 3 keine PVC-Fabrik, ohne PVC kein Kraftwerke, ohne Kraftwerk keine Ressourcen.....ihr kennt das ja.\r\n\r\nPVC ist dabei? Dann alles Gute und viel Glück beim Vergrößern deines Einflussbereiches, werter Imperator.\r\n\r\nDein EtoA- Team', 5),
	(15, 1, 'Der Miner', 'Der [b]Miner[/b] spielt sein Spiel gemütlich und lebt fast ausschließlich von seiner eigenen Ressourcen-Produktion. Nebenbei wird er auch im Weltall Ressourcen sammeln gehen. Dabei werden die Ressourcen meist in größere Minen investiert. Nur ein kleiner Teil ihrer Ressourcen wandert in Schiffe oder Verteidigung. Vor dem Miner braucht man sich grundsätzlich nicht zu fürchten, jedoch sollte man nicht denken, es seien leichte Opfer, denn sie haben oft Freunde unter den 24/7 Spielern (ständig online); welche ihnen gerne helfen. Oder sie haben sich einer Allianz angeschlossen, die sie beschützen kann.\r\n\r\n[i]Zeitaufwand: Gering/Mittel[/i]', 4),
	(16, 1, 'Der Fleeter', 'Der [b]Fleeter[/b] gehört zu den aggressiven Spielern in EtoA. Er deckt seinen zusätzlichen Bedarf an Ressourcen durch Raiden (Stehlen von Ressourcen) oder aber durch Kämpfe mit anderen Spielern. Dafür wandert ein Großteil seiner Produktion in Schiffe. Der Vorteil ist dabei die abschreckende Wirkung einer großen Flotte. (Der Nachteil ist, wenn die Flotte mal zerstört werden sollte, ist es für ihn wesentlich schwieriger, wieder an neue Flotte zu kommen, da seine Eigen-Produktion an Ressourcen nicht ausreicht). Das Einzige, das gegen den Fleeter hilft, ist Ressourcen und Schiffe in Sicherheit zu bringen (Saven: d.h. seine Schiffe beispielsweise über Nacht auf "Flug" zu schicken) oder ihm mittels einer Verteidigung, welche ihm ordentliche Verluste beibringt, die Lust zu nehmen. Sollte man öfters von dem gleichen Fleeter geraidet werden, kann es durchaus helfen, eine freundliche Anfrage zu schicken. Meist wird darauf positiv reagiert.\r\n\r\n[i]Zeitaufwand: Hoch[/i]', 5),
	(17, 1, 'Der Händler', 'Der [b]Händler[/b] hat sich auf das Handeln von Waren und Schiffen spezialisiert. Er baut seine Markplätze hoch aus, um immer genug große oder kleine Angebote in den Marktplatz stellen zu können. Er ist meistens ein ruhiger Geselle, der sein Ressourcen-Extra mit dem Verkauf von Waren realisiert. Hier ist die Wahl der Rasse ein entscheidender Faktor. Nahrung oder Tritium oder PVC sind gern genommene Rohstoffe, auch einige Schiffe lassen sich gut verkaufen, sei es, sie sind schnell oder haben eine Spezialfunktion. Mehr dazu findet ihr in der Hilfe.\r\n\r\n[i]Zeitaufwand Mittel[/i]', 6);
/*!40000 ALTER TABLE `tutorial_texts` ENABLE KEYS */;

/*!40101 SET SQL_MODE=IFNULL(@OLD_SQL_MODE, '') */;
/*!40014 SET FOREIGN_KEY_CHECKS=IF(@OLD_FOREIGN_KEY_CHECKS IS NULL, 1, @OLD_FOREIGN_KEY_CHECKS) */;
/*!40101 SET CHARACTER_SET_CLIENT=@OLD_CHARACTER_SET_CLIENT */;
